x,y,z,inflammatory_signal,ecm
-790,-790,0,0,10
-770,-790,0,0,10
-750,-790,0,0,10
-730,-790,0,0,10
-710,-790,0,0,10
-690,-790,0,0,10
-670,-790,0,0,10
-650,-790,0,0,10
-630,-790,0,0,10
-610,-790,0,0,10
-590,-790,0,0,10
-570,-790,0,0,10
-550,-790,0,0,10
-530,-790,0,0,10
-510,-790,0,0,10
-490,-790,0,0,10
-470,-790,0,0,10
-450,-790,0,0,10
-430,-790,0,0,10
-410,-790,0,0,10
-390,-790,0,0,10
-370,-790,0,0,10
-350,-790,0,0,10
-330,-790,0,0,10
-310,-790,0,0,10
-290,-790,0,0,10
-270,-790,0,0,10
-250,-790,0,0,10
-230,-790,0,0,10
-210,-790,0,0,10
-190,-790,0,0,10
-170,-790,0,0,10
-150,-790,0,0,10
-130,-790,0,0,10
-110,-790,0,0,10
-90,-790,0,0,10
-70,-790,0,0,10
-50,-790,0,0,10
-30,-790,0,0,10
-10,-790,0,0,10
10,-790,0,0,10
30,-790,0,0,10
50,-790,0,0,10
70,-790,0,0,10
90,-790,0,0,10
110,-790,0,0,10
130,-790,0,0,10
150,-790,0,0,10
170,-790,0,0,10
190,-790,0,0,10
210,-790,0,0,10
230,-790,0,0,10
250,-790,0,0,10
270,-790,0,0,10
290,-790,0,0,10
310,-790,0,0,10
330,-790,0,0,10
350,-790,0,0,10
370,-790,0,0,10
390,-790,0,0,10
410,-790,0,0,10
430,-790,0,0,10
450,-790,0,0,10
470,-790,0,0,10
490,-790,0,0,10
510,-790,0,0,10
530,-790,0,0,10
550,-790,0,0,10
570,-790,0,0,10
590,-790,0,0,10
610,-790,0,0,10
630,-790,0,0,10
650,-790,0,0,10
670,-790,0,0,10
690,-790,0,0,10
710,-790,0,0,10
730,-790,0,0,10
750,-790,0,0,10
770,-790,0,0,10
790,-790,0,0,10
-790,-770,0,0,10
-770,-770,0,0,10
-750,-770,0,0,10
-730,-770,0,0,10
-710,-770,0,0,10
-690,-770,0,0,10
-670,-770,0,0,10
-650,-770,0,0,10
-630,-770,0,0,10
-610,-770,0,0,10
-590,-770,0,0,10
-570,-770,0,0,10
-550,-770,0,0,10
-530,-770,0,0,10
-510,-770,0,0,10
-490,-770,0,0,10
-470,-770,0,0,10
-450,-770,0,0,10
-430,-770,0,0,10
-410,-770,0,0,10
-390,-770,0,0,10
-370,-770,0,0,10
-350,-770,0,0,10
-330,-770,0,0,10
-310,-770,0,0,10
-290,-770,0,0,10
-270,-770,0,0,10
-250,-770,0,0,10
-230,-770,0,0,10
-210,-770,0,0,10
-190,-770,0,0,10
-170,-770,0,0,10
-150,-770,0,0,10
-130,-770,0,0,10
-110,-770,0,0,10
-90,-770,0,0,10
-70,-770,0,0,10
-50,-770,0,0,10
-30,-770,0,0,10
-10,-770,0,0,10
10,-770,0,0,10
30,-770,0,0,10
50,-770,0,0,10
70,-770,0,0,10
90,-770,0,0,10
110,-770,0,0,10
130,-770,0,0,10
150,-770,0,0,10
170,-770,0,0,10
190,-770,0,0,10
210,-770,0,0,10
230,-770,0,0,10
250,-770,0,0,10
270,-770,0,0,10
290,-770,0,0,10
310,-770,0,0,10
330,-770,0,0,10
350,-770,0,0,10
370,-770,0,0,10
390,-770,0,0,10
410,-770,0,0,10
430,-770,0,0,10
450,-770,0,0,10
470,-770,0,0,10
490,-770,0,0,10
510,-770,0,0,10
530,-770,0,0,10
550,-770,0,0,10
570,-770,0,0,10
590,-770,0,0,10
610,-770,0,0,10
630,-770,0,0,10
650,-770,0,0,10
670,-770,0,0,10
690,-770,0,0,10
710,-770,0,0,10
730,-770,0,0,10
750,-770,0,0,10
770,-770,0,0,10
790,-770,0,0,10
-790,-750,0,0,10
-770,-750,0,0,10
-750,-750,0,0,10
-730,-750,0,0,10
-710,-750,0,0,10
-690,-750,0,0,10
-670,-750,0,0,10
-650,-750,0,0,10
-630,-750,0,0,10
-610,-750,0,0,10
-590,-750,0,0,10
-570,-750,0,0,10
-550,-750,0,0,10
-530,-750,0,0,10
-510,-750,0,0,10
-490,-750,0,0,10
-470,-750,0,0,10
-450,-750,0,0,10
-430,-750,0,0,10
-410,-750,0,0,10
-390,-750,0,0,10
-370,-750,0,0,10
-350,-750,0,0,10
-330,-750,0,0,10
-310,-750,0,0,10
-290,-750,0,0,10
-270,-750,0,0,10
-250,-750,0,0,10
-230,-750,0,0,10
-210,-750,0,0,10
-190,-750,0,0,10
-170,-750,0,0,10
-150,-750,0,0,10
-130,-750,0,0,10
-110,-750,0,0,10
-90,-750,0,0,10
-70,-750,0,0,10
-50,-750,0,0,10
-30,-750,0,0,10
-10,-750,0,0,10
10,-750,0,0,10
30,-750,0,0,10
50,-750,0,0,10
70,-750,0,0,10
90,-750,0,0,10
110,-750,0,0,10
130,-750,0,0,10
150,-750,0,0,10
170,-750,0,0,10
190,-750,0,0,10
210,-750,0,0,10
230,-750,0,0,10
250,-750,0,0,10
270,-750,0,0,10
290,-750,0,0,10
310,-750,0,0,10
330,-750,0,0,10
350,-750,0,0,10
370,-750,0,0,10
390,-750,0,0,10
410,-750,0,0,10
430,-750,0,0,10
450,-750,0,0,10
470,-750,0,0,10
490,-750,0,0,10
510,-750,0,0,10
530,-750,0,0,10
550,-750,0,0,10
570,-750,0,0,10
590,-750,0,0,10
610,-750,0,0,10
630,-750,0,0,10
650,-750,0,0,10
670,-750,0,0,10
690,-750,0,0,10
710,-750,0,0,10
730,-750,0,0,10
750,-750,0,0,10
770,-750,0,0,10
790,-750,0,0,10
-790,-730,0,0,10
-770,-730,0,0,10
-750,-730,0,0,10
-730,-730,0,0,10
-710,-730,0,0,10
-690,-730,0,0,10
-670,-730,0,0,10
-650,-730,0,0,10
-630,-730,0,0,10
-610,-730,0,0,10
-590,-730,0,0,10
-570,-730,0,0,10
-550,-730,0,0,10
-530,-730,0,0,10
-510,-730,0,0,10
-490,-730,0,0,10
-470,-730,0,0,10
-450,-730,0,0,10
-430,-730,0,0,10
-410,-730,0,0,10
-390,-730,0,0,10
-370,-730,0,0,10
-350,-730,0,0,10
-330,-730,0,0,10
-310,-730,0,0,10
-290,-730,0,0,10
-270,-730,0,0,10
-250,-730,0,0,10
-230,-730,0,0,10
-210,-730,0,0,10
-190,-730,0,0,10
-170,-730,0,0,10
-150,-730,0,0,10
-130,-730,0,0,10
-110,-730,0,0,10
-90,-730,0,0,10
-70,-730,0,0,10
-50,-730,0,0,10
-30,-730,0,0,10
-10,-730,0,0,10
10,-730,0,0,10
30,-730,0,0,10
50,-730,0,0,10
70,-730,0,0,10
90,-730,0,0,10
110,-730,0,0,10
130,-730,0,0,10
150,-730,0,0,10
170,-730,0,0,10
190,-730,0,0,10
210,-730,0,0,10
230,-730,0,0,10
250,-730,0,0,10
270,-730,0,0,10
290,-730,0,0,10
310,-730,0,0,10
330,-730,0,0,10
350,-730,0,0,10
370,-730,0,0,10
390,-730,0,0,10
410,-730,0,0,10
430,-730,0,0,10
450,-730,0,0,10
470,-730,0,0,10
490,-730,0,0,10
510,-730,0,0,10
530,-730,0,0,10
550,-730,0,0,10
570,-730,0,0,10
590,-730,0,0,10
610,-730,0,0,10
630,-730,0,0,10
650,-730,0,0,10
670,-730,0,0,10
690,-730,0,0,10
710,-730,0,0,10
730,-730,0,0,10
750,-730,0,0,10
770,-730,0,0,10
790,-730,0,0,10
-790,-710,0,0,10
-770,-710,0,0,10
-750,-710,0,0,10
-730,-710,0,0,10
-710,-710,0,0,10
-690,-710,0,0,10
-670,-710,0,0,10
-650,-710,0,0,10
-630,-710,0,0,10
-610,-710,0,0,10
-590,-710,0,0,10
-570,-710,0,0,10
-550,-710,0,0,10
-530,-710,0,0,10
-510,-710,0,0,10
-490,-710,0,0,10
-470,-710,0,0,10
-450,-710,0,0,10
-430,-710,0,0,10
-410,-710,0,0,10
-390,-710,0,0,10
-370,-710,0,0,10
-350,-710,0,0,10
-330,-710,0,0,10
-310,-710,0,0,10
-290,-710,0,0,10
-270,-710,0,0,10
-250,-710,0,0,10
-230,-710,0,0,10
-210,-710,0,0,10
-190,-710,0,0,10
-170,-710,0,0,10
-150,-710,0,0,10
-130,-710,0,0,10
-110,-710,0,0,10
-90,-710,0,0,10
-70,-710,0,0,10
-50,-710,0,0,10
-30,-710,0,0,10
-10,-710,0,0,10
10,-710,0,0,10
30,-710,0,0,10
50,-710,0,0,10
70,-710,0,0,10
90,-710,0,0,10
110,-710,0,0,10
130,-710,0,0,10
150,-710,0,0,10
170,-710,0,0,10
190,-710,0,0,10
210,-710,0,0,10
230,-710,0,0,10
250,-710,0,0,10
270,-710,0,0,10
290,-710,0,0,10
310,-710,0,0,10
330,-710,0,0,10
350,-710,0,0,10
370,-710,0,0,10
390,-710,0,0,10
410,-710,0,0,10
430,-710,0,0,10
450,-710,0,0,10
470,-710,0,0,10
490,-710,0,0,10
510,-710,0,0,10
530,-710,0,0,10
550,-710,0,0,10
570,-710,0,0,10
590,-710,0,0,10
610,-710,0,0,10
630,-710,0,0,10
650,-710,0,0,10
670,-710,0,0,10
690,-710,0,0,10
710,-710,0,0,10
730,-710,0,0,10
750,-710,0,0,10
770,-710,0,0,10
790,-710,0,0,10
-790,-690,0,0,10
-770,-690,0,0,10
-750,-690,0,0,10
-730,-690,0,0,10
-710,-690,0,0,10
-690,-690,0,0,10
-670,-690,0,0,10
-650,-690,0,0,10
-630,-690,0,0,10
-610,-690,0,0,10
-590,-690,0,0,10
-570,-690,0,0,10
-550,-690,0,0,10
-530,-690,0,0,10
-510,-690,0,0,10
-490,-690,0,0,10
-470,-690,0,0,10
-450,-690,0,0,10
-430,-690,0,0,10
-410,-690,0,0,10
-390,-690,0,0,10
-370,-690,0,0,10
-350,-690,0,0,10
-330,-690,0,0,10
-310,-690,0,0,10
-290,-690,0,0,10
-270,-690,0,0,10
-250,-690,0,0,10
-230,-690,0,0,10
-210,-690,0,0,10
-190,-690,0,0,10
-170,-690,0,0,10
-150,-690,0,0,10
-130,-690,0,0,10
-110,-690,0,0,10
-90,-690,0,0,10
-70,-690,0,0,10
-50,-690,0,0,10
-30,-690,0,0,10
-10,-690,0,0,10
10,-690,0,0,10
30,-690,0,0,10
50,-690,0,0,10
70,-690,0,0,10
90,-690,0,0,10
110,-690,0,0,10
130,-690,0,0,10
150,-690,0,0,10
170,-690,0,0,10
190,-690,0,0,10
210,-690,0,0,10
230,-690,0,0,10
250,-690,0,0,10
270,-690,0,0,10
290,-690,0,0,10
310,-690,0,0,10
330,-690,0,0,10
350,-690,0,0,10
370,-690,0,0,10
390,-690,0,0,10
410,-690,0,0,10
430,-690,0,0,10
450,-690,0,0,10
470,-690,0,0,10
490,-690,0,0,10
510,-690,0,0,10
530,-690,0,0,10
550,-690,0,0,10
570,-690,0,0,10
590,-690,0,0,10
610,-690,0,0,10
630,-690,0,0,10
650,-690,0,0,10
670,-690,0,0,10
690,-690,0,0,10
710,-690,0,0,10
730,-690,0,0,10
750,-690,0,0,10
770,-690,0,0,10
790,-690,0,0,10
-790,-670,0,0,10
-770,-670,0,0,10
-750,-670,0,0,10
-730,-670,0,0,10
-710,-670,0,0,10
-690,-670,0,0,10
-670,-670,0,0,10
-650,-670,0,0,10
-630,-670,0,0,10
-610,-670,0,0,10
-590,-670,0,0,10
-570,-670,0,0,10
-550,-670,0,0,10
-530,-670,0,0,10
-510,-670,0,0,10
-490,-670,0,0,10
-470,-670,0,0,10
-450,-670,0,0,10
-430,-670,0,0,10
-410,-670,0,0,10
-390,-670,0,0,10
-370,-670,0,0,10
-350,-670,0,0,10
-330,-670,0,0,10
-310,-670,0,0,10
-290,-670,0,0,10
-270,-670,0,0,10
-250,-670,0,0,10
-230,-670,0,0,10
-210,-670,0,0,10
-190,-670,0,0,10
-170,-670,0,0,10
-150,-670,0,0,10
-130,-670,0,0,10
-110,-670,0,0,10
-90,-670,0,0,10
-70,-670,0,0,10
-50,-670,0,0,10
-30,-670,0,0,10
-10,-670,0,0,10
10,-670,0,0,10
30,-670,0,0,10
50,-670,0,0,10
70,-670,0,0,10
90,-670,0,0,10
110,-670,0,0,10
130,-670,0,0,10
150,-670,0,0,10
170,-670,0,0,10
190,-670,0,0,10
210,-670,0,0,10
230,-670,0,0,10
250,-670,0,0,10
270,-670,0,0,10
290,-670,0,0,10
310,-670,0,0,10
330,-670,0,0,10
350,-670,0,0,10
370,-670,0,0,10
390,-670,0,0,10
410,-670,0,0,10
430,-670,0,0,10
450,-670,0,0,10
470,-670,0,0,10
490,-670,0,0,10
510,-670,0,0,10
530,-670,0,0,10
550,-670,0,0,10
570,-670,0,0,10
590,-670,0,0,10
610,-670,0,0,10
630,-670,0,0,10
650,-670,0,0,10
670,-670,0,0,10
690,-670,0,0,10
710,-670,0,0,10
730,-670,0,0,10
750,-670,0,0,10
770,-670,0,0,10
790,-670,0,0,10
-790,-650,0,0,10
-770,-650,0,0,10
-750,-650,0,0,10
-730,-650,0,0,10
-710,-650,0,0,10
-690,-650,0,0,10
-670,-650,0,0,10
-650,-650,0,0,10
-630,-650,0,0,10
-610,-650,0,0,10
-590,-650,0,0,10
-570,-650,0,0,10
-550,-650,0,0,10
-530,-650,0,0,10
-510,-650,0,0,10
-490,-650,0,0,10
-470,-650,0,0,10
-450,-650,0,0,10
-430,-650,0,0,10
-410,-650,0,0,10
-390,-650,0,0,10
-370,-650,0,0,10
-350,-650,0,0,10
-330,-650,0,0,10
-310,-650,0,0,10
-290,-650,0,0,10
-270,-650,0,0,10
-250,-650,0,0,10
-230,-650,0,0,10
-210,-650,0,0,10
-190,-650,0,0,10
-170,-650,0,0,10
-150,-650,0,0,10
-130,-650,0,0,10
-110,-650,0,0,10
-90,-650,0,0,10
-70,-650,0,0,10
-50,-650,0,0,10
-30,-650,0,0,10
-10,-650,0,0,10
10,-650,0,0,10
30,-650,0,0,10
50,-650,0,0,10
70,-650,0,0,10
90,-650,0,0,10
110,-650,0,0,10
130,-650,0,0,10
150,-650,0,0,10
170,-650,0,0,10
190,-650,0,0,10
210,-650,0,0,10
230,-650,0,0,10
250,-650,0,0,10
270,-650,0,0,10
290,-650,0,0,10
310,-650,0,0,10
330,-650,0,0,10
350,-650,0,0,10
370,-650,0,0,10
390,-650,0,0,10
410,-650,0,0,10
430,-650,0,0,10
450,-650,0,0,10
470,-650,0,0,10
490,-650,0,0,10
510,-650,0,0,10
530,-650,0,0,10
550,-650,0,0,10
570,-650,0,0,10
590,-650,0,0,10
610,-650,0,0,10
630,-650,0,0,10
650,-650,0,0,10
670,-650,0,0,10
690,-650,0,0,10
710,-650,0,0,10
730,-650,0,0,10
750,-650,0,0,10
770,-650,0,0,10
790,-650,0,0,10
-790,-630,0,0,10
-770,-630,0,0,10
-750,-630,0,0,10
-730,-630,0,0,10
-710,-630,0,0,10
-690,-630,0,0,10
-670,-630,0,0,10
-650,-630,0,0,10
-630,-630,0,0,10
-610,-630,0,0,10
-590,-630,0,0,10
-570,-630,0,0,10
-550,-630,0,0,10
-530,-630,0,0,10
-510,-630,0,0,10
-490,-630,0,0,10
-470,-630,0,0,10
-450,-630,0,0,10
-430,-630,0,0,10
-410,-630,0,0,10
-390,-630,0,0,10
-370,-630,0,0,10
-350,-630,0,0,10
-330,-630,0,0,10
-310,-630,0,0,10
-290,-630,0,0,10
-270,-630,0,0,10
-250,-630,0,0,10
-230,-630,0,0,10
-210,-630,0,0,10
-190,-630,0,0,10
-170,-630,0,0,10
-150,-630,0,0,10
-130,-630,0,0,10
-110,-630,0,0,10
-90,-630,0,0,10
-70,-630,0,0,10
-50,-630,0,0,10
-30,-630,0,0,10
-10,-630,0,0,10
10,-630,0,0,10
30,-630,0,0,10
50,-630,0,0,10
70,-630,0,0,10
90,-630,0,0,10
110,-630,0,0,10
130,-630,0,0,10
150,-630,0,0,10
170,-630,0,0,10
190,-630,0,0,10
210,-630,0,0,10
230,-630,0,0,10
250,-630,0,0,10
270,-630,0,0,10
290,-630,0,0,10
310,-630,0,0,10
330,-630,0,0,10
350,-630,0,0,10
370,-630,0,0,10
390,-630,0,0,10
410,-630,0,0,10
430,-630,0,0,10
450,-630,0,0,10
470,-630,0,0,10
490,-630,0,0,10
510,-630,0,0,10
530,-630,0,0,10
550,-630,0,0,10
570,-630,0,0,10
590,-630,0,0,10
610,-630,0,0,10
630,-630,0,0,10
650,-630,0,0,10
670,-630,0,0,10
690,-630,0,0,10
710,-630,0,0,10
730,-630,0,0,10
750,-630,0,0,10
770,-630,0,0,10
790,-630,0,0,10
-790,-610,0,0,10
-770,-610,0,0,10
-750,-610,0,0,10
-730,-610,0,0,10
-710,-610,0,0,10
-690,-610,0,0,10
-670,-610,0,0,10
-650,-610,0,0,10
-630,-610,0,0,10
-610,-610,0,0,10
-590,-610,0,0,10
-570,-610,0,0,10
-550,-610,0,0,10
-530,-610,0,0,10
-510,-610,0,0,10
-490,-610,0,0,10
-470,-610,0,0,10
-450,-610,0,0,10
-430,-610,0,0,10
-410,-610,0,0,10
-390,-610,0,0,10
-370,-610,0,0,10
-350,-610,0,0,10
-330,-610,0,0,10
-310,-610,0,0,10
-290,-610,0,0,10
-270,-610,0,0,10
-250,-610,0,0,10
-230,-610,0,0,10
-210,-610,0,0,10
-190,-610,0,0,10
-170,-610,0,0,10
-150,-610,0,0,0
-130,-610,0,0,0
-110,-610,0,0,0
-90,-610,0,0,0
-70,-610,0,0,0
-50,-610,0,0,0
-30,-610,0,0,0
-10,-610,0,0,0
10,-610,0,0,0
30,-610,0,0,0
50,-610,0,0,0
70,-610,0,0,0
90,-610,0,0,0
110,-610,0,0,0
130,-610,0,0,0
150,-610,0,0,10
170,-610,0,0,10
190,-610,0,0,10
210,-610,0,0,10
230,-610,0,0,10
250,-610,0,0,10
270,-610,0,0,10
290,-610,0,0,10
310,-610,0,0,10
330,-610,0,0,10
350,-610,0,0,10
370,-610,0,0,10
390,-610,0,0,10
410,-610,0,0,10
430,-610,0,0,10
450,-610,0,0,10
470,-610,0,0,10
490,-610,0,0,10
510,-610,0,0,10
530,-610,0,0,10
550,-610,0,0,10
570,-610,0,0,10
590,-610,0,0,10
610,-610,0,0,10
630,-610,0,0,10
650,-610,0,0,10
670,-610,0,0,10
690,-610,0,0,10
710,-610,0,0,10
730,-610,0,0,10
750,-610,0,0,10
770,-610,0,0,10
790,-610,0,0,10
-790,-590,0,0,10
-770,-590,0,0,10
-750,-590,0,0,10
-730,-590,0,0,10
-710,-590,0,0,10
-690,-590,0,0,10
-670,-590,0,0,10
-650,-590,0,0,10
-630,-590,0,0,10
-610,-590,0,0,10
-590,-590,0,0,10
-570,-590,0,0,10
-550,-590,0,0,10
-530,-590,0,0,10
-510,-590,0,0,10
-490,-590,0,0,10
-470,-590,0,0,10
-450,-590,0,0,10
-430,-590,0,0,10
-410,-590,0,0,10
-390,-590,0,0,10
-370,-590,0,0,10
-350,-590,0,0,10
-330,-590,0,0,10
-310,-590,0,0,10
-290,-590,0,0,10
-270,-590,0,0,10
-250,-590,0,0,10
-230,-590,0,0,10
-210,-590,0,0,0
-190,-590,0,0,0
-170,-590,0,0,0
-150,-590,0,0,0
-130,-590,0,0,0
-110,-590,0,0,0
-90,-590,0,0,0
-70,-590,0,0,0
-50,-590,0,0,0
-30,-590,0,0,0
-10,-590,0,0,0
10,-590,0,0,0
30,-590,0,0,0
50,-590,0,0,0
70,-590,0,0,0
90,-590,0,0,0
110,-590,0,0,0
130,-590,0,0,0
150,-590,0,0,0
170,-590,0,0,0
190,-590,0,0,0
210,-590,0,0,10
230,-590,0,0,10
250,-590,0,0,10
270,-590,0,0,10
290,-590,0,0,10
310,-590,0,0,10
330,-590,0,0,10
350,-590,0,0,10
370,-590,0,0,10
390,-590,0,0,10
410,-590,0,0,10
430,-590,0,0,10
450,-590,0,0,10
470,-590,0,0,10
490,-590,0,0,10
510,-590,0,0,10
530,-590,0,0,10
550,-590,0,0,10
570,-590,0,0,10
590,-590,0,0,10
610,-590,0,0,10
630,-590,0,0,10
650,-590,0,0,10
670,-590,0,0,10
690,-590,0,0,10
710,-590,0,0,10
730,-590,0,0,10
750,-590,0,0,10
770,-590,0,0,10
790,-590,0,0,10
-790,-570,0,0,10
-770,-570,0,0,10
-750,-570,0,0,10
-730,-570,0,0,10
-710,-570,0,0,10
-690,-570,0,0,10
-670,-570,0,0,10
-650,-570,0,0,10
-630,-570,0,0,10
-610,-570,0,0,10
-590,-570,0,0,10
-570,-570,0,0,10
-550,-570,0,0,10
-530,-570,0,0,10
-510,-570,0,0,10
-490,-570,0,0,10
-470,-570,0,0,10
-450,-570,0,0,10
-430,-570,0,0,10
-410,-570,0,0,10
-390,-570,0,0,10
-370,-570,0,0,10
-350,-570,0,0,10
-330,-570,0,0,10
-310,-570,0,0,10
-290,-570,0,0,10
-270,-570,0,0,10
-250,-570,0,0,0
-230,-570,0,0,0
-210,-570,0,0,0
-190,-570,0,0,0
-170,-570,0,0,0
-150,-570,0,0,0
-130,-570,0,0,0
-110,-570,0,0,0
-90,-570,0,0,0
-70,-570,0,0,0
-50,-570,0,0,0
-30,-570,0,0,0
-10,-570,0,0,0
10,-570,0,0,0
30,-570,0,0,0
50,-570,0,0,0
70,-570,0,0,0
90,-570,0,0,0
110,-570,0,0,0
130,-570,0,0,0
150,-570,0,0,0
170,-570,0,0,0
190,-570,0,0,0
210,-570,0,0,0
230,-570,0,0,0
250,-570,0,0,0
270,-570,0,0,10
290,-570,0,0,10
310,-570,0,0,10
330,-570,0,0,10
350,-570,0,0,10
370,-570,0,0,10
390,-570,0,0,10
410,-570,0,0,10
430,-570,0,0,10
450,-570,0,0,10
470,-570,0,0,10
490,-570,0,0,10
510,-570,0,0,10
530,-570,0,0,10
550,-570,0,0,10
570,-570,0,0,10
590,-570,0,0,10
610,-570,0,0,10
630,-570,0,0,10
650,-570,0,0,10
670,-570,0,0,10
690,-570,0,0,10
710,-570,0,0,10
730,-570,0,0,10
750,-570,0,0,10
770,-570,0,0,10
790,-570,0,0,10
-790,-550,0,0,10
-770,-550,0,0,10
-750,-550,0,0,10
-730,-550,0,0,10
-710,-550,0,0,10
-690,-550,0,0,10
-670,-550,0,0,10
-650,-550,0,0,10
-630,-550,0,0,10
-610,-550,0,0,10
-590,-550,0,0,10
-570,-550,0,0,10
-550,-550,0,0,10
-530,-550,0,0,10
-510,-550,0,0,10
-490,-550,0,0,10
-470,-550,0,0,10
-450,-550,0,0,10
-430,-550,0,0,10
-410,-550,0,0,10
-390,-550,0,0,10
-370,-550,0,0,10
-350,-550,0,0,10
-330,-550,0,0,10
-310,-550,0,0,10
-290,-550,0,0,0
-270,-550,0,0,0
-250,-550,0,0,0
-230,-550,0,0,0
-210,-550,0,0,0
-190,-550,0,0,0
-170,-550,0,0,0
-150,-550,0,0,0
-130,-550,0,0,0
-110,-550,0,0,0
-90,-550,0,0,0
-70,-550,0,0,0
-50,-550,0,0,0
-30,-550,0,0,0
-10,-550,0,0,0
10,-550,0,0,0
30,-550,0,0,0
50,-550,0,0,0
70,-550,0,0,0
90,-550,0,0,0
110,-550,0,0,0
130,-550,0,0,0
150,-550,0,0,0
170,-550,0,0,0
190,-550,0,0,0
210,-550,0,0,0
230,-550,0,0,0
250,-550,0,0,0
270,-550,0,0,0
290,-550,0,0,0
310,-550,0,0,10
330,-550,0,0,10
350,-550,0,0,10
370,-550,0,0,10
390,-550,0,0,10
410,-550,0,0,10
430,-550,0,0,10
450,-550,0,0,10
470,-550,0,0,10
490,-550,0,0,10
510,-550,0,0,10
530,-550,0,0,10
550,-550,0,0,10
570,-550,0,0,10
590,-550,0,0,10
610,-550,0,0,10
630,-550,0,0,10
650,-550,0,0,10
670,-550,0,0,10
690,-550,0,0,10
710,-550,0,0,10
730,-550,0,0,10
750,-550,0,0,10
770,-550,0,0,10
790,-550,0,0,10
-790,-530,0,0,10
-770,-530,0,0,10
-750,-530,0,0,10
-730,-530,0,0,10
-710,-530,0,0,10
-690,-530,0,0,10
-670,-530,0,0,10
-650,-530,0,0,10
-630,-530,0,0,10
-610,-530,0,0,10
-590,-530,0,0,10
-570,-530,0,0,10
-550,-530,0,0,10
-530,-530,0,0,10
-510,-530,0,0,10
-490,-530,0,0,10
-470,-530,0,0,10
-450,-530,0,0,10
-430,-530,0,0,10
-410,-530,0,0,10
-390,-530,0,0,10
-370,-530,0,0,10
-350,-530,0,0,10
-330,-530,0,0,0
-310,-530,0,0,0
-290,-530,0,0,0
-270,-530,0,0,0
-250,-530,0,0,0
-230,-530,0,0,0
-210,-530,0,0,0
-190,-530,0,0,0
-170,-530,0,0,0
-150,-530,0,0,0
-130,-530,0,0,0
-110,-530,0,0,0
-90,-530,0,0,0
-70,-530,0,0,0
-50,-530,0,0,0
-30,-530,0,0,0
-10,-530,0,0,0
10,-530,0,0,0
30,-530,0,0,0
50,-530,0,0,0
70,-530,0,0,0
90,-530,0,0,0
110,-530,0,0,0
130,-530,0,0,0
150,-530,0,0,0
170,-530,0,0,0
190,-530,0,0,0
210,-530,0,0,0
230,-530,0,0,0
250,-530,0,0,0
270,-530,0,0,0
290,-530,0,0,0
310,-530,0,0,0
330,-530,0,0,10
350,-530,0,0,10
370,-530,0,0,10
390,-530,0,0,10
410,-530,0,0,10
430,-530,0,0,10
450,-530,0,0,10
470,-530,0,0,10
490,-530,0,0,10
510,-530,0,0,10
530,-530,0,0,10
550,-530,0,0,10
570,-530,0,0,10
590,-530,0,0,10
610,-530,0,0,10
630,-530,0,0,10
650,-530,0,0,10
670,-530,0,0,10
690,-530,0,0,10
710,-530,0,0,10
730,-530,0,0,10
750,-530,0,0,10
770,-530,0,0,10
790,-530,0,0,10
-790,-510,0,0,10
-770,-510,0,0,10
-750,-510,0,0,10
-730,-510,0,0,10
-710,-510,0,0,10
-690,-510,0,0,10
-670,-510,0,0,10
-650,-510,0,0,10
-630,-510,0,0,10
-610,-510,0,0,10
-590,-510,0,0,10
-570,-510,0,0,10
-550,-510,0,0,10
-530,-510,0,0,10
-510,-510,0,0,10
-490,-510,0,0,10
-470,-510,0,0,10
-450,-510,0,0,10
-430,-510,0,0,10
-410,-510,0,0,10
-390,-510,0,0,10
-370,-510,0,0,10
-350,-510,0,0,0
-330,-510,0,0,0
-310,-510,0,0,0
-290,-510,0,0,0
-270,-510,0,0,0
-250,-510,0,0,0
-230,-510,0,0,0
-210,-510,0,0,0
-190,-510,0,0,0
-170,-510,0,0,0
-150,-510,0,0,0
-130,-510,0,0,0
-110,-510,0,0,0
-90,-510,0,0,0
-70,-510,0,0,0
-50,-510,0,0,0
-30,-510,0,0,0
-10,-510,0,0,0
10,-510,0,0,0
30,-510,0,0,0
50,-510,0,0,0
70,-510,0,0,0
90,-510,0,0,0
110,-510,0,0,0
130,-510,0,0,0
150,-510,0,0,0
170,-510,0,0,0
190,-510,0,0,0
210,-510,0,0,0
230,-510,0,0,0
250,-510,0,0,0
270,-510,0,0,0
290,-510,0,0,0
310,-510,0,0,0
330,-510,0,0,0
350,-510,0,0,0
370,-510,0,0,10
390,-510,0,0,10
410,-510,0,0,10
430,-510,0,0,10
450,-510,0,0,10
470,-510,0,0,10
490,-510,0,0,10
510,-510,0,0,10
530,-510,0,0,10
550,-510,0,0,10
570,-510,0,0,10
590,-510,0,0,10
610,-510,0,0,10
630,-510,0,0,10
650,-510,0,0,10
670,-510,0,0,10
690,-510,0,0,10
710,-510,0,0,10
730,-510,0,0,10
750,-510,0,0,10
770,-510,0,0,10
790,-510,0,0,10
-790,-490,0,0,10
-770,-490,0,0,10
-750,-490,0,0,10
-730,-490,0,0,10
-710,-490,0,0,10
-690,-490,0,0,10
-670,-490,0,0,10
-650,-490,0,0,10
-630,-490,0,0,10
-610,-490,0,0,10
-590,-490,0,0,10
-570,-490,0,0,10
-550,-490,0,0,10
-530,-490,0,0,10
-510,-490,0,0,10
-490,-490,0,0,10
-470,-490,0,0,10
-450,-490,0,0,10
-430,-490,0,0,10
-410,-490,0,0,10
-390,-490,0,0,0
-370,-490,0,0,0
-350,-490,0,0,0
-330,-490,0,0,0
-310,-490,0,0,0
-290,-490,0,0,0
-270,-490,0,0,0
-250,-490,0,0,0
-230,-490,0,0,0
-210,-490,0,0,0
-190,-490,0,0,0
-170,-490,0,0,0
-150,-490,0,0,0
-130,-490,0,0,0
-110,-490,0,0,0
-90,-490,0,0,0
-70,-490,0,0,0
-50,-490,0,0,0
-30,-490,0,0,0
-10,-490,0,0,0
10,-490,0,0,0
30,-490,0,0,0
50,-490,0,0,0
70,-490,0,0,0
90,-490,0,0,0
110,-490,0,0,0
130,-490,0,0,0
150,-490,0,0,0
170,-490,0,0,0
190,-490,0,0,0
210,-490,0,0,0
230,-490,0,0,0
250,-490,0,0,0
270,-490,0,0,0
290,-490,0,0,0
310,-490,0,0,0
330,-490,0,0,0
350,-490,0,0,0
370,-490,0,0,0
390,-490,0,0,10
410,-490,0,0,10
430,-490,0,0,10
450,-490,0,0,10
470,-490,0,0,10
490,-490,0,0,10
510,-490,0,0,10
530,-490,0,0,10
550,-490,0,0,10
570,-490,0,0,10
590,-490,0,0,10
610,-490,0,0,10
630,-490,0,0,10
650,-490,0,0,10
670,-490,0,0,10
690,-490,0,0,10
710,-490,0,0,10
730,-490,0,0,10
750,-490,0,0,10
770,-490,0,0,10
790,-490,0,0,10
-790,-470,0,0,10
-770,-470,0,0,10
-750,-470,0,0,10
-730,-470,0,0,10
-710,-470,0,0,10
-690,-470,0,0,10
-670,-470,0,0,10
-650,-470,0,0,10
-630,-470,0,0,10
-610,-470,0,0,10
-590,-470,0,0,10
-570,-470,0,0,10
-550,-470,0,0,10
-530,-470,0,0,10
-510,-470,0,0,10
-490,-470,0,0,10
-470,-470,0,0,10
-450,-470,0,0,10
-430,-470,0,0,10
-410,-470,0,0,0
-390,-470,0,0,0
-370,-470,0,0,0
-350,-470,0,0,0
-330,-470,0,0,0
-310,-470,0,0,0
-290,-470,0,0,0
-270,-470,0,0,0
-250,-470,0,0,0
-230,-470,0,0,0
-210,-470,0,0,0
-190,-470,0,0,0
-170,-470,0,0,0
-150,-470,0,0,0
-130,-470,0,0,0
-110,-470,0,0,0
-90,-470,0,0,0
-70,-470,0,0,0
-50,-470,0,0,0
-30,-470,0,0,0
-10,-470,0,0,0
10,-470,0,0,0
30,-470,0,0,0
50,-470,0,0,0
70,-470,0,0,0
90,-470,0,0,0
110,-470,0,0,0
130,-470,0,0,0
150,-470,0,0,0
170,-470,0,0,10
190,-470,0,0,0
210,-470,0,0,0
230,-470,0,0,0
250,-470,0,0,0
270,-470,0,0,0
290,-470,0,0,0
310,-470,0,0,0
330,-470,0,0,0
350,-470,0,0,0
370,-470,0,0,0
390,-470,0,0,0
410,-470,0,0,10
430,-470,0,0,10
450,-470,0,0,10
470,-470,0,0,10
490,-470,0,0,10
510,-470,0,0,10
530,-470,0,0,10
550,-470,0,0,10
570,-470,0,0,10
590,-470,0,0,10
610,-470,0,0,10
630,-470,0,0,10
650,-470,0,0,10
670,-470,0,0,10
690,-470,0,0,10
710,-470,0,0,10
730,-470,0,0,10
750,-470,0,0,10
770,-470,0,0,10
790,-470,0,0,10
-790,-450,0,0,10
-770,-450,0,0,10
-750,-450,0,0,10
-730,-450,0,0,10
-710,-450,0,0,10
-690,-450,0,0,10
-670,-450,0,0,10
-650,-450,0,0,10
-630,-450,0,0,10
-610,-450,0,0,10
-590,-450,0,0,10
-570,-450,0,0,10
-550,-450,0,0,10
-530,-450,0,0,10
-510,-450,0,0,10
-490,-450,0,0,10
-470,-450,0,0,10
-450,-450,0,0,10
-430,-450,0,0,0
-410,-450,0,0,0
-390,-450,0,0,0
-370,-450,0,0,0
-350,-450,0,0,0
-330,-450,0,0,0
-310,-450,0,0,0
-290,-450,0,0,0
-270,-450,0,0,0
-250,-450,0,0,0
-230,-450,0,0,0
-210,-450,0,0,0
-190,-450,0,0,0
-170,-450,0,0,0
-150,-450,0,0,0
-130,-450,0,0,0
-110,-450,0,0,0
-90,-450,0,0,0
-70,-450,0,0,0
-50,-450,0,0,0
-30,-450,0,0,0
-10,-450,0,0,0
10,-450,0,0,0
30,-450,0,0,0
50,-450,0,0,0
70,-450,0,0,0
90,-450,0,0,0
110,-450,0,0,0
130,-450,0,0,0
150,-450,0,0,0
170,-450,0,0,10
190,-450,0,0,0
210,-450,0,0,0
230,-450,0,0,0
250,-450,0,0,0
270,-450,0,0,0
290,-450,0,0,0
310,-450,0,0,0
330,-450,0,0,0
350,-450,0,0,0
370,-450,0,0,0
390,-450,0,0,0
410,-450,0,0,0
430,-450,0,0,10
450,-450,0,0,10
470,-450,0,0,10
490,-450,0,0,10
510,-450,0,0,10
530,-450,0,0,10
550,-450,0,0,10
570,-450,0,0,10
590,-450,0,0,10
610,-450,0,0,10
630,-450,0,0,10
650,-450,0,0,10
670,-450,0,0,10
690,-450,0,0,10
710,-450,0,0,10
730,-450,0,0,10
750,-450,0,0,10
770,-450,0,0,10
790,-450,0,0,10
-790,-430,0,0,10
-770,-430,0,0,10
-750,-430,0,0,10
-730,-430,0,0,10
-710,-430,0,0,10
-690,-430,0,0,10
-670,-430,0,0,10
-650,-430,0,0,10
-630,-430,0,0,10
-610,-430,0,0,10
-590,-430,0,0,10
-570,-430,0,0,10
-550,-430,0,0,10
-530,-430,0,0,10
-510,-430,0,0,10
-490,-430,0,0,10
-470,-430,0,0,10
-450,-430,0,0,0
-430,-430,0,0,0
-410,-430,0,0,0
-390,-430,0,0,0
-370,-430,0,0,0
-350,-430,0,0,0
-330,-430,0,0,0
-310,-430,0,0,0
-290,-430,0,0,0
-270,-430,0,0,0
-250,-430,0,0,0
-230,-430,0,0,0
-210,-430,0,0,0
-190,-430,0,0,0
-170,-430,0,0,0
-150,-430,0,0,0
-130,-430,0,0,0
-110,-430,0,0,0
-90,-430,0,0,0
-70,-430,0,0,0
-50,-430,0,0,0
-30,-430,0,0,0
-10,-430,0,0,0
10,-430,0,0,0
30,-430,0,0,0
50,-430,0,0,0
70,-430,0,0,0
90,-430,0,0,0
110,-430,0,0,10
130,-430,0,0,10
150,-430,0,0,0
170,-430,0,0,0
190,-430,0,0,0
210,-430,0,0,0
230,-430,0,0,10
250,-430,0,0,10
270,-430,0,0,0
290,-430,0,0,0
310,-430,0,0,0
330,-430,0,0,0
350,-430,0,0,0
370,-430,0,0,0
390,-430,0,0,0
410,-430,0,0,0
430,-430,0,0,0
450,-430,0,0,10
470,-430,0,0,10
490,-430,0,0,10
510,-430,0,0,10
530,-430,0,0,10
550,-430,0,0,10
570,-430,0,0,10
590,-430,0,0,10
610,-430,0,0,10
630,-430,0,0,10
650,-430,0,0,10
670,-430,0,0,10
690,-430,0,0,10
710,-430,0,0,10
730,-430,0,0,10
750,-430,0,0,10
770,-430,0,0,10
790,-430,0,0,10
-790,-410,0,0,10
-770,-410,0,0,10
-750,-410,0,0,10
-730,-410,0,0,10
-710,-410,0,0,10
-690,-410,0,0,10
-670,-410,0,0,10
-650,-410,0,0,10
-630,-410,0,0,10
-610,-410,0,0,10
-590,-410,0,0,10
-570,-410,0,0,10
-550,-410,0,0,10
-530,-410,0,0,10
-510,-410,0,0,10
-490,-410,0,0,10
-470,-410,0,0,0
-450,-410,0,0,0
-430,-410,0,0,0
-410,-410,0,0,0
-390,-410,0,0,0
-370,-410,0,0,0
-350,-410,0,0,0
-330,-410,0,0,0
-310,-410,0,0,0
-290,-410,0,0,0
-270,-410,0,0,0
-250,-410,0,0,0
-230,-410,0,0,0
-210,-410,0,0,0
-190,-410,0,0,0
-170,-410,0,0,0
-150,-410,0,0,0
-130,-410,0,0,0
-110,-410,0,0,0
-90,-410,0,0,0
-70,-410,0,0,0
-50,-410,0,0,0
-30,-410,0,0,0
-10,-410,0,0,0
10,-410,0,0,0
30,-410,0,0,0
50,-410,0,0,0
70,-410,0,0,0
90,-410,0,0,0
110,-410,0,0,10
130,-410,0,0,10
150,-410,0,0,10
170,-410,0,0,0
190,-410,0,0,10
210,-410,0,0,10
230,-410,0,0,10
250,-410,0,0,10
270,-410,0,0,10
290,-410,0,0,10
310,-410,0,0,0
330,-410,0,0,0
350,-410,0,0,0
370,-410,0,0,0
390,-410,0,0,0
410,-410,0,0,0
430,-410,0,0,0
450,-410,0,0,0
470,-410,0,0,10
490,-410,0,0,10
510,-410,0,0,10
530,-410,0,0,10
550,-410,0,0,10
570,-410,0,0,10
590,-410,0,0,10
610,-410,0,0,10
630,-410,0,0,10
650,-410,0,0,10
670,-410,0,0,10
690,-410,0,0,10
710,-410,0,0,10
730,-410,0,0,10
750,-410,0,0,10
770,-410,0,0,10
790,-410,0,0,10
-790,-390,0,0,10
-770,-390,0,0,10
-750,-390,0,0,10
-730,-390,0,0,10
-710,-390,0,0,10
-690,-390,0,0,10
-670,-390,0,0,10
-650,-390,0,0,10
-630,-390,0,0,10
-610,-390,0,0,10
-590,-390,0,0,10
-570,-390,0,0,10
-550,-390,0,0,10
-530,-390,0,0,10
-510,-390,0,0,10
-490,-390,0,0,0
-470,-390,0,0,0
-450,-390,0,0,0
-430,-390,0,0,0
-410,-390,0,0,0
-390,-390,0,0,0
-370,-390,0,0,0
-350,-390,0,0,0
-330,-390,0,0,0
-310,-390,0,0,0
-290,-390,0,0,0
-270,-390,0,0,0
-250,-390,0,0,0
-230,-390,0,0,0
-210,-390,0,0,0
-190,-390,0,0,0
-170,-390,0,0,0
-150,-390,0,0,0
-130,-390,0,0,0
-110,-390,0,0,0
-90,-390,0,0,0
-70,-390,0,0,0
-50,-390,0,0,0
-30,-390,0,0,0
-10,-390,0,0,0
10,-390,0,0,0
30,-390,0,0,0
50,-390,0,0,0
70,-390,0,0,10
90,-390,0,0,10
110,-390,0,0,10
130,-390,0,0,10
150,-390,0,0,10
170,-390,0,0,10
190,-390,0,0,10
210,-390,0,0,10
230,-390,0,0,10
250,-390,0,0,0
270,-390,0,0,10
290,-390,0,0,0
310,-390,0,0,10
330,-390,0,0,0
350,-390,0,0,0
370,-390,0,0,0
390,-390,0,0,0
410,-390,0,0,0
430,-390,0,0,0
450,-390,0,0,0
470,-390,0,0,0
490,-390,0,0,10
510,-390,0,0,10
530,-390,0,0,10
550,-390,0,0,10
570,-390,0,0,10
590,-390,0,0,10
610,-390,0,0,10
630,-390,0,0,10
650,-390,0,0,10
670,-390,0,0,10
690,-390,0,0,10
710,-390,0,0,10
730,-390,0,0,10
750,-390,0,0,10
770,-390,0,0,10
790,-390,0,0,10
-790,-370,0,0,10
-770,-370,0,0,10
-750,-370,0,0,10
-730,-370,0,0,10
-710,-370,0,0,10
-690,-370,0,0,10
-670,-370,0,0,10
-650,-370,0,0,10
-630,-370,0,0,10
-610,-370,0,0,10
-590,-370,0,0,10
-570,-370,0,0,10
-550,-370,0,0,10
-530,-370,0,0,10
-510,-370,0,0,10
-490,-370,0,0,0
-470,-370,0,0,0
-450,-370,0,0,0
-430,-370,0,0,0
-410,-370,0,0,0
-390,-370,0,0,0
-370,-370,0,0,0
-350,-370,0,0,0
-330,-370,0,0,0
-310,-370,0,0,0
-290,-370,0,0,0
-270,-370,0,0,0
-250,-370,0,0,10
-230,-370,0,0,0
-210,-370,0,0,0
-190,-370,0,0,0
-170,-370,0,0,0
-150,-370,0,0,0
-130,-370,0,0,0
-110,-370,0,0,0
-90,-370,0,0,0
-70,-370,0,0,0
-50,-370,0,0,0
-30,-370,0,0,0
-10,-370,0,0,0
10,-370,0,0,0
30,-370,0,0,10
50,-370,0,0,10
70,-370,0,0,10
90,-370,0,0,10
110,-370,0,0,10
130,-370,0,0,0
150,-370,0,0,10
170,-370,0,0,10
190,-370,0,0,10
210,-370,0,0,10
230,-370,0,0,10
250,-370,0,0,0
270,-370,0,0,10
290,-370,0,0,10
310,-370,0,0,0
330,-370,0,0,10
350,-370,0,0,0
370,-370,0,0,0
390,-370,0,0,0
410,-370,0,0,0
430,-370,0,0,0
450,-370,0,0,0
470,-370,0,0,0
490,-370,0,0,0
510,-370,0,0,10
530,-370,0,0,10
550,-370,0,0,10
570,-370,0,0,10
590,-370,0,0,10
610,-370,0,0,10
630,-370,0,0,10
650,-370,0,0,10
670,-370,0,0,10
690,-370,0,0,10
710,-370,0,0,10
730,-370,0,0,10
750,-370,0,0,10
770,-370,0,0,10
790,-370,0,0,10
-790,-350,0,0,10
-770,-350,0,0,10
-750,-350,0,0,10
-730,-350,0,0,10
-710,-350,0,0,10
-690,-350,0,0,10
-670,-350,0,0,10
-650,-350,0,0,10
-630,-350,0,0,10
-610,-350,0,0,10
-590,-350,0,0,10
-570,-350,0,0,10
-550,-350,0,0,10
-530,-350,0,0,10
-510,-350,0,0,0
-490,-350,0,0,0
-470,-350,0,0,0
-450,-350,0,0,0
-430,-350,0,0,0
-410,-350,0,0,0
-390,-350,0,0,0
-370,-350,0,0,0
-350,-350,0,0,0
-330,-350,0,0,0
-310,-350,0,0,0
-290,-350,0,0,10
-270,-350,0,0,0
-250,-350,0,0,0
-230,-350,0,0,10
-210,-350,0,0,10
-190,-350,0,0,0
-170,-350,0,0,0
-150,-350,0,0,0
-130,-350,0,0,0
-110,-350,0,0,0
-90,-350,0,0,0
-70,-350,0,0,0
-50,-350,0,0,0
-30,-350,0,0,0
-10,-350,0,0,0
10,-350,0,0,0
30,-350,0,0,0
50,-350,0,0,10
70,-350,0,0,10
90,-350,0,0,0
110,-350,0,0,0
130,-350,0,0,0
150,-350,0,0,10
170,-350,0,0,10
190,-350,0,0,10
210,-350,0,0,10
230,-350,0,0,10
250,-350,0,0,10
270,-350,0,0,10
290,-350,0,0,10
310,-350,0,0,0
330,-350,0,0,10
350,-350,0,0,0
370,-350,0,0,0
390,-350,0,0,0
410,-350,0,0,0
430,-350,0,0,0
450,-350,0,0,0
470,-350,0,0,0
490,-350,0,0,0
510,-350,0,0,10
530,-350,0,0,10
550,-350,0,0,10
570,-350,0,0,10
590,-350,0,0,10
610,-350,0,0,10
630,-350,0,0,10
650,-350,0,0,10
670,-350,0,0,10
690,-350,0,0,10
710,-350,0,0,10
730,-350,0,0,10
750,-350,0,0,10
770,-350,0,0,10
790,-350,0,0,10
-790,-330,0,0,10
-770,-330,0,0,10
-750,-330,0,0,10
-730,-330,0,0,10
-710,-330,0,0,10
-690,-330,0,0,10
-670,-330,0,0,10
-650,-330,0,0,10
-630,-330,0,0,10
-610,-330,0,0,10
-590,-330,0,0,10
-570,-330,0,0,10
-550,-330,0,0,10
-530,-330,0,0,0
-510,-330,0,0,0
-490,-330,0,0,0
-470,-330,0,0,0
-450,-330,0,0,0
-430,-330,0,0,0
-410,-330,0,0,0
-390,-330,0,0,0
-370,-330,0,0,0
-350,-330,0,0,10
-330,-330,0,0,0
-310,-330,0,0,10
-290,-330,0,0,10
-270,-330,0,0,10
-250,-330,0,0,0
-230,-330,0,0,0
-210,-330,0,0,0
-190,-330,0,0,0
-170,-330,0,0,0
-150,-330,0,0,0
-130,-330,0,0,0
-110,-330,0,0,0
-90,-330,0,0,0
-70,-330,0,0,0
-50,-330,0,0,0
-30,-330,0,0,0
-10,-330,0,0,0
10,-330,0,0,10
30,-330,0,0,10
50,-330,0,0,10
70,-330,0,0,0
90,-330,0,0,0
110,-330,0,0,0
130,-330,0,0,0
150,-330,0,0,10
170,-330,0,0,0
190,-330,0,0,0
210,-330,0,0,10
230,-330,0,0,0
250,-330,0,0,10
270,-330,0,0,0
290,-330,0,0,0
310,-330,0,0,10
330,-330,0,0,10
350,-330,0,0,10
370,-330,0,0,0
390,-330,0,0,0
410,-330,0,0,0
430,-330,0,0,0
450,-330,0,0,0
470,-330,0,0,0
490,-330,0,0,0
510,-330,0,0,0
530,-330,0,0,10
550,-330,0,0,10
570,-330,0,0,10
590,-330,0,0,10
610,-330,0,0,10
630,-330,0,0,10
650,-330,0,0,10
670,-330,0,0,10
690,-330,0,0,10
710,-330,0,0,10
730,-330,0,0,10
750,-330,0,0,10
770,-330,0,0,10
790,-330,0,0,10
-790,-310,0,0,10
-770,-310,0,0,10
-750,-310,0,0,10
-730,-310,0,0,10
-710,-310,0,0,10
-690,-310,0,0,10
-670,-310,0,0,10
-650,-310,0,0,10
-630,-310,0,0,10
-610,-310,0,0,10
-590,-310,0,0,10
-570,-310,0,0,10
-550,-310,0,0,10
-530,-310,0,0,0
-510,-310,0,0,0
-490,-310,0,0,0
-470,-310,0,0,0
-450,-310,0,0,0
-430,-310,0,0,0
-410,-310,0,0,0
-390,-310,0,0,0
-370,-310,0,0,10
-350,-310,0,0,0
-330,-310,0,0,10
-310,-310,0,0,10
-290,-310,0,0,10
-270,-310,0,0,10
-250,-310,0,0,10
-230,-310,0,0,0
-210,-310,0,0,0
-190,-310,0,0,0
-170,-310,0,0,0
-150,-310,0,0,0
-130,-310,0,0,0
-110,-310,0,0,0
-90,-310,0,0,0
-70,-310,0,0,0
-50,-310,0,0,0
-30,-310,0,0,0
-10,-310,0,0,0
10,-310,0,0,0
30,-310,0,0,10
50,-310,0,0,10
70,-310,0,0,10
90,-310,0,0,10
110,-310,0,0,0
130,-310,0,0,0
150,-310,0,0,0
170,-310,0,0,10
190,-310,0,0,0
210,-310,0,0,10
230,-310,0,0,0
250,-310,0,0,0
270,-310,0,0,0
290,-310,0,0,0
310,-310,0,0,0
330,-310,0,0,10
350,-310,0,0,10
370,-310,0,0,0
390,-310,0,0,0
410,-310,0,0,0
430,-310,0,0,0
450,-310,0,0,0
470,-310,0,0,0
490,-310,0,0,0
510,-310,0,0,0
530,-310,0,0,0
550,-310,0,0,10
570,-310,0,0,10
590,-310,0,0,10
610,-310,0,0,10
630,-310,0,0,10
650,-310,0,0,10
670,-310,0,0,10
690,-310,0,0,10
710,-310,0,0,10
730,-310,0,0,10
750,-310,0,0,10
770,-310,0,0,10
790,-310,0,0,10
-790,-290,0,0,10
-770,-290,0,0,10
-750,-290,0,0,10
-730,-290,0,0,10
-710,-290,0,0,10
-690,-290,0,0,10
-670,-290,0,0,10
-650,-290,0,0,10
-630,-290,0,0,10
-610,-290,0,0,10
-590,-290,0,0,10
-570,-290,0,0,10
-550,-290,0,0,0
-530,-290,0,0,0
-510,-290,0,0,0
-490,-290,0,0,0
-470,-290,0,0,0
-450,-290,0,0,0
-430,-290,0,0,0
-410,-290,0,0,0
-390,-290,0,0,10
-370,-290,0,0,10
-350,-290,0,0,0
-330,-290,0,0,10
-310,-290,0,0,10
-290,-290,0,0,10
-270,-290,0,0,0
-250,-290,0,0,0
-230,-290,0,0,0
-210,-290,0,0,0
-190,-290,0,0,0
-170,-290,0,0,0
-150,-290,0,0,0
-130,-290,0,0,0
-110,-290,0,0,0
-90,-290,0,0,0
-70,-290,0,0,10
-50,-290,0,0,0
-30,-290,0,0,0
-10,-290,0,0,10
10,-290,0,0,0
30,-290,0,0,0
50,-290,0,0,0
70,-290,0,0,10
90,-290,0,0,0
110,-290,0,0,0
130,-290,0,0,0
150,-290,0,0,0
170,-290,0,0,0
190,-290,0,0,0
210,-290,0,0,0
230,-290,0,0,0
250,-290,0,0,0
270,-290,0,0,0
290,-290,0,0,0
310,-290,0,0,0
330,-290,0,0,0
350,-290,0,0,0
370,-290,0,0,10
390,-290,0,0,0
410,-290,0,0,0
430,-290,0,0,0
450,-290,0,0,0
470,-290,0,0,0
490,-290,0,0,0
510,-290,0,0,0
530,-290,0,0,0
550,-290,0,0,10
570,-290,0,0,10
590,-290,0,0,10
610,-290,0,0,10
630,-290,0,0,10
650,-290,0,0,10
670,-290,0,0,10
690,-290,0,0,10
710,-290,0,0,10
730,-290,0,0,10
750,-290,0,0,10
770,-290,0,0,10
790,-290,0,0,10
-790,-270,0,0,10
-770,-270,0,0,10
-750,-270,0,0,10
-730,-270,0,0,10
-710,-270,0,0,10
-690,-270,0,0,10
-670,-270,0,0,10
-650,-270,0,0,10
-630,-270,0,0,10
-610,-270,0,0,10
-590,-270,0,0,10
-570,-270,0,0,10
-550,-270,0,0,0
-530,-270,0,0,0
-510,-270,0,0,0
-490,-270,0,0,0
-470,-270,0,0,0
-450,-270,0,0,0
-430,-270,0,0,0
-410,-270,0,0,10
-390,-270,0,0,10
-370,-270,0,0,10
-350,-270,0,0,10
-330,-270,0,0,0
-310,-270,0,0,0
-290,-270,0,0,0
-270,-270,0,0,0
-250,-270,0,0,0
-230,-270,0,0,0
-210,-270,0,0,0
-190,-270,0,0,0
-170,-270,0,0,0
-150,-270,0,0,0
-130,-270,0,0,0
-110,-270,0,0,10
-90,-270,0,0,0
-70,-270,0,0,10
-50,-270,0,0,0
-30,-270,0,0,0
-10,-270,0,0,10
10,-270,0,0,0
30,-270,0,0,0
50,-270,0,0,0
70,-270,0,0,0
90,-270,0,0,10
110,-270,0,0,0
130,-270,0,0,0
150,-270,0,0,0
170,-270,0,0,10
190,-270,0,0,0
210,-270,0,0,0
230,-270,0,0,0
250,-270,0,0,0
270,-270,0,0,0
290,-270,0,0,0
310,-270,0,0,0
330,-270,0,0,10
350,-270,0,0,0
370,-270,0,0,10
390,-270,0,0,0
410,-270,0,0,0
430,-270,0,0,0
450,-270,0,0,0
470,-270,0,0,0
490,-270,0,0,0
510,-270,0,0,0
530,-270,0,0,0
550,-270,0,0,0
570,-270,0,0,10
590,-270,0,0,10
610,-270,0,0,10
630,-270,0,0,10
650,-270,0,0,10
670,-270,0,0,10
690,-270,0,0,10
710,-270,0,0,10
730,-270,0,0,10
750,-270,0,0,10
770,-270,0,0,10
790,-270,0,0,10
-790,-250,0,0,10
-770,-250,0,0,10
-750,-250,0,0,10
-730,-250,0,0,10
-710,-250,0,0,10
-690,-250,0,0,10
-670,-250,0,0,10
-650,-250,0,0,10
-630,-250,0,0,10
-610,-250,0,0,10
-590,-250,0,0,10
-570,-250,0,0,0
-550,-250,0,0,0
-530,-250,0,0,0
-510,-250,0,0,0
-490,-250,0,0,0
-470,-250,0,0,0
-450,-250,0,0,0
-430,-250,0,0,0
-410,-250,0,0,10
-390,-250,0,0,10
-370,-250,0,0,10
-350,-250,0,0,0
-330,-250,0,0,0
-310,-250,0,0,0
-290,-250,0,0,0
-270,-250,0,0,10
-250,-250,0,0,0
-230,-250,0,0,0
-210,-250,0,0,0
-190,-250,0,0,0
-170,-250,0,0,0
-150,-250,0,0,0
-130,-250,0,0,0
-110,-250,0,0,0
-90,-250,0,0,0
-70,-250,0,0,10
-50,-250,0,0,0
-30,-250,0,0,10
-10,-250,0,0,10
10,-250,0,0,0
30,-250,0,0,0
50,-250,0,0,0
70,-250,0,0,0
90,-250,0,0,0
110,-250,0,0,0
130,-250,0,0,0
150,-250,0,0,0
170,-250,0,0,0
190,-250,0,0,0
210,-250,0,0,0
230,-250,0,0,0
250,-250,0,0,0
270,-250,0,0,10
290,-250,0,0,0
310,-250,0,0,0
330,-250,0,0,10
350,-250,0,0,10
370,-250,0,0,10
390,-250,0,0,10
410,-250,0,0,0
430,-250,0,0,0
450,-250,0,0,0
470,-250,0,0,0
490,-250,0,0,0
510,-250,0,0,0
530,-250,0,0,0
550,-250,0,0,0
570,-250,0,0,10
590,-250,0,0,10
610,-250,0,0,10
630,-250,0,0,10
650,-250,0,0,10
670,-250,0,0,10
690,-250,0,0,10
710,-250,0,0,10
730,-250,0,0,10
750,-250,0,0,10
770,-250,0,0,10
790,-250,0,0,10
-790,-230,0,0,10
-770,-230,0,0,10
-750,-230,0,0,10
-730,-230,0,0,10
-710,-230,0,0,10
-690,-230,0,0,10
-670,-230,0,0,10
-650,-230,0,0,10
-630,-230,0,0,10
-610,-230,0,0,10
-590,-230,0,0,10
-570,-230,0,0,0
-550,-230,0,0,0
-530,-230,0,0,0
-510,-230,0,0,0
-490,-230,0,0,0
-470,-230,0,0,0
-450,-230,0,0,0
-430,-230,0,0,10
-410,-230,0,0,0
-390,-230,0,0,0
-370,-230,0,0,10
-350,-230,0,0,0
-330,-230,0,0,0
-310,-230,0,0,0
-290,-230,0,0,0
-270,-230,0,0,0
-250,-230,0,0,0
-230,-230,0,0,0
-210,-230,0,0,0
-190,-230,0,0,0
-170,-230,0,0,0
-150,-230,0,0,0
-130,-230,0,0,0
-110,-230,0,0,0
-90,-230,0,0,0
-70,-230,0,0,0
-50,-230,0,0,0
-30,-230,0,0,10
-10,-230,0,0,0
10,-230,0,0,0
30,-230,0,0,0
50,-230,0,0,0
70,-230,0,0,0
90,-230,0,0,0
110,-230,0,0,0
130,-230,0,0,0
150,-230,0,0,0
170,-230,0,0,0
190,-230,0,0,0
210,-230,0,0,0
230,-230,0,0,0
250,-230,0,0,0
270,-230,0,0,10
290,-230,0,0,0
310,-230,0,0,0
330,-230,0,0,10
350,-230,0,0,10
370,-230,0,0,10
390,-230,0,0,10
410,-230,0,0,0
430,-230,0,0,0
450,-230,0,0,0
470,-230,0,0,0
490,-230,0,0,0
510,-230,0,0,0
530,-230,0,0,0
550,-230,0,0,0
570,-230,0,0,10
590,-230,0,0,10
610,-230,0,0,10
630,-230,0,0,10
650,-230,0,0,10
670,-230,0,0,10
690,-230,0,0,10
710,-230,0,0,10
730,-230,0,0,10
750,-230,0,0,10
770,-230,0,0,10
790,-230,0,0,10
-790,-210,0,0,10
-770,-210,0,0,10
-750,-210,0,0,10
-730,-210,0,0,10
-710,-210,0,0,10
-690,-210,0,0,10
-670,-210,0,0,10
-650,-210,0,0,10
-630,-210,0,0,10
-610,-210,0,0,10
-590,-210,0,0,10
-570,-210,0,0,0
-550,-210,0,0,0
-530,-210,0,0,0
-510,-210,0,0,0
-490,-210,0,0,0
-470,-210,0,0,0
-450,-210,0,0,0
-430,-210,0,0,0
-410,-210,0,0,0
-390,-210,0,0,0
-370,-210,0,0,0
-350,-210,0,0,0
-330,-210,0,0,0
-310,-210,0,0,0
-290,-210,0,0,0
-270,-210,0,0,0
-250,-210,0,0,0
-230,-210,0,0,0
-210,-210,0,0,0
-190,-210,0,0,0
-170,-210,0,0,0
-150,-210,0,0,0
-130,-210,0,0,0
-110,-210,0,0,0
-90,-210,0,0,0
-70,-210,0,0,0
-50,-210,0,0,0
-30,-210,0,0,0
-10,-210,0,0,10
10,-210,0,0,0
30,-210,0,0,0
50,-210,0,0,0
70,-210,0,0,0
90,-210,0,0,0
110,-210,0,0,0
130,-210,0,0,0
150,-210,0,0,0
170,-210,0,0,0
190,-210,0,0,0
210,-210,0,0,0
230,-210,0,0,0
250,-210,0,0,0
270,-210,0,0,0
290,-210,0,0,0
310,-210,0,0,0
330,-210,0,0,10
350,-210,0,0,0
370,-210,0,0,10
390,-210,0,0,10
410,-210,0,0,0
430,-210,0,0,0
450,-210,0,0,0
470,-210,0,0,0
490,-210,0,0,0
510,-210,0,0,0
530,-210,0,0,0
550,-210,0,0,0
570,-210,0,0,0
590,-210,0,0,10
610,-210,0,0,10
630,-210,0,0,10
650,-210,0,0,10
670,-210,0,0,10
690,-210,0,0,10
710,-210,0,0,10
730,-210,0,0,10
750,-210,0,0,10
770,-210,0,0,10
790,-210,0,0,10
-790,-190,0,0,10
-770,-190,0,0,10
-750,-190,0,0,10
-730,-190,0,0,10
-710,-190,0,0,10
-690,-190,0,0,10
-670,-190,0,0,10
-650,-190,0,0,10
-630,-190,0,0,10
-610,-190,0,0,10
-590,-190,0,0,0
-570,-190,0,0,0
-550,-190,0,0,0
-530,-190,0,0,0
-510,-190,0,0,0
-490,-190,0,0,0
-470,-190,0,0,0
-450,-190,0,0,0
-430,-190,0,0,0
-410,-190,0,0,0
-390,-190,0,0,0
-370,-190,0,0,10
-350,-190,0,0,0
-330,-190,0,0,0
-310,-190,0,0,0
-290,-190,0,0,0
-270,-190,0,0,0
-250,-190,0,0,0
-230,-190,0,0,0
-210,-190,0,0,0
-190,-190,0,0,0
-170,-190,0,0,0
-150,-190,0,0,0
-130,-190,0,0,0
-110,-190,0,0,0
-90,-190,0,0,0
-70,-190,0,0,0
-50,-190,0,0,0
-30,-190,0,0,0
-10,-190,0,0,0
10,-190,0,0,0
30,-190,0,0,0
50,-190,0,0,0
70,-190,0,0,0
90,-190,0,0,0
110,-190,0,0,0
130,-190,0,0,0
150,-190,0,0,0
170,-190,0,0,0
190,-190,0,0,0
210,-190,0,0,0
230,-190,0,0,0
250,-190,0,0,0
270,-190,0,0,0
290,-190,0,0,0
310,-190,0,0,0
330,-190,0,0,10
350,-190,0,0,0
370,-190,0,0,10
390,-190,0,0,0
410,-190,0,0,10
430,-190,0,0,0
450,-190,0,0,0
470,-190,0,0,0
490,-190,0,0,0
510,-190,0,0,0
530,-190,0,0,0
550,-190,0,0,0
570,-190,0,0,0
590,-190,0,0,10
610,-190,0,0,10
630,-190,0,0,10
650,-190,0,0,10
670,-190,0,0,10
690,-190,0,0,10
710,-190,0,0,10
730,-190,0,0,10
750,-190,0,0,10
770,-190,0,0,10
790,-190,0,0,10
-790,-170,0,0,10
-770,-170,0,0,10
-750,-170,0,0,10
-730,-170,0,0,10
-710,-170,0,0,10
-690,-170,0,0,10
-670,-170,0,0,10
-650,-170,0,0,10
-630,-170,0,0,10
-610,-170,0,0,10
-590,-170,0,0,0
-570,-170,0,0,0
-550,-170,0,0,0
-530,-170,0,0,0
-510,-170,0,0,0
-490,-170,0,0,0
-470,-170,0,0,0
-450,-170,0,0,10
-430,-170,0,0,0
-410,-170,0,0,10
-390,-170,0,0,0
-370,-170,0,0,0
-350,-170,0,0,0
-330,-170,0,0,0
-310,-170,0,0,0
-290,-170,0,0,10
-270,-170,0,0,0
-250,-170,0,0,0
-230,-170,0,0,0
-210,-170,0,0,0
-190,-170,0,0,0
-170,-170,0,0,0
-150,-170,0,0,0
-130,-170,0,0,0
-110,-170,0,0,0
-90,-170,0,0,0
-70,-170,0,0,0
-50,-170,0,0,0
-30,-170,0,0,10
-10,-170,0,0,0
10,-170,0,0,0
30,-170,0,0,0
50,-170,0,0,0
70,-170,0,0,0
90,-170,0,0,0
110,-170,0,0,0
130,-170,0,0,0
150,-170,0,0,0
170,-170,0,0,0
190,-170,0,0,0
210,-170,0,0,0
230,-170,0,0,0
250,-170,0,0,0
270,-170,0,0,0
290,-170,0,0,0
310,-170,0,0,10
330,-170,0,0,0
350,-170,0,0,10
370,-170,0,0,10
390,-170,0,0,0
410,-170,0,0,0
430,-170,0,0,0
450,-170,0,0,0
470,-170,0,0,0
490,-170,0,0,0
510,-170,0,0,0
530,-170,0,0,0
550,-170,0,0,0
570,-170,0,0,0
590,-170,0,0,10
610,-170,0,0,10
630,-170,0,0,10
650,-170,0,0,10
670,-170,0,0,10
690,-170,0,0,10
710,-170,0,0,10
730,-170,0,0,10
750,-170,0,0,10
770,-170,0,0,10
790,-170,0,0,10
-790,-150,0,0,10
-770,-150,0,0,10
-750,-150,0,0,10
-730,-150,0,0,10
-710,-150,0,0,10
-690,-150,0,0,10
-670,-150,0,0,10
-650,-150,0,0,10
-630,-150,0,0,10
-610,-150,0,0,10
-590,-150,0,0,0
-570,-150,0,0,0
-550,-150,0,0,0
-530,-150,0,0,0
-510,-150,0,0,0
-490,-150,0,0,0
-470,-150,0,0,0
-450,-150,0,0,0
-430,-150,0,0,0
-410,-150,0,0,10
-390,-150,0,0,10
-370,-150,0,0,10
-350,-150,0,0,0
-330,-150,0,0,0
-310,-150,0,0,0
-290,-150,0,0,0
-270,-150,0,0,0
-250,-150,0,0,0
-230,-150,0,0,0
-210,-150,0,0,0
-190,-150,0,0,0
-170,-150,0,0,0
-150,-150,0,0,0
-130,-150,0,0,0
-110,-150,0,0,0
-90,-150,0,0,0
-70,-150,0,0,0
-50,-150,0,0,0
-30,-150,0,0,0
-10,-150,0,0,0
10,-150,0,0,0
30,-150,0,0,0
50,-150,0,0,0
70,-150,0,0,0
90,-150,0,0,0
110,-150,0,0,0
130,-150,0,0,0
150,-150,0,0,0
170,-150,0,0,0
190,-150,0,0,0
210,-150,0,0,0
230,-150,0,0,0
250,-150,0,0,0
270,-150,0,0,0
290,-150,0,0,0
310,-150,0,0,10
330,-150,0,0,0
350,-150,0,0,0
370,-150,0,0,10
390,-150,0,0,0
410,-150,0,0,0
430,-150,0,0,0
450,-150,0,0,0
470,-150,0,0,0
490,-150,0,0,0
510,-150,0,0,0
530,-150,0,0,0
550,-150,0,0,0
570,-150,0,0,0
590,-150,0,0,0
610,-150,0,0,10
630,-150,0,0,10
650,-150,0,0,10
670,-150,0,0,10
690,-150,0,0,10
710,-150,0,0,10
730,-150,0,0,10
750,-150,0,0,10
770,-150,0,0,10
790,-150,0,0,10
-790,-130,0,0,10
-770,-130,0,0,10
-750,-130,0,0,10
-730,-130,0,0,10
-710,-130,0,0,10
-690,-130,0,0,10
-670,-130,0,0,10
-650,-130,0,0,10
-630,-130,0,0,10
-610,-130,0,0,10
-590,-130,0,0,0
-570,-130,0,0,0
-550,-130,0,0,0
-530,-130,0,0,0
-510,-130,0,0,0
-490,-130,0,0,0
-470,-130,0,0,0
-450,-130,0,0,0
-430,-130,0,0,0
-410,-130,0,0,0
-390,-130,0,0,0
-370,-130,0,0,0
-350,-130,0,0,10
-330,-130,0,0,10
-310,-130,0,0,0
-290,-130,0,0,0
-270,-130,0,0,0
-250,-130,0,0,0
-230,-130,0,0,0
-210,-130,0,0,0
-190,-130,0,0,0
-170,-130,0,0,0
-150,-130,0,0,0
-130,-130,0,0,0
-110,-130,0,0,0
-90,-130,0,0,10
-70,-130,0,0,0
-50,-130,0,0,0
-30,-130,0,0,0
-10,-130,0,0,0
10,-130,0,0,0
30,-130,0,0,0
50,-130,0,0,10
70,-130,0,0,10
90,-130,0,0,0
110,-130,0,0,0
130,-130,0,0,0
150,-130,0,0,0
170,-130,0,0,0
190,-130,0,0,0
210,-130,0,0,0
230,-130,0,0,0
250,-130,0,0,0
270,-130,0,0,0
290,-130,0,0,0
310,-130,0,0,10
330,-130,0,0,10
350,-130,0,0,10
370,-130,0,0,10
390,-130,0,0,0
410,-130,0,0,10
430,-130,0,0,0
450,-130,0,0,0
470,-130,0,0,0
490,-130,0,0,0
510,-130,0,0,0
530,-130,0,0,0
550,-130,0,0,0
570,-130,0,0,0
590,-130,0,0,0
610,-130,0,0,10
630,-130,0,0,10
650,-130,0,0,10
670,-130,0,0,10
690,-130,0,0,10
710,-130,0,0,10
730,-130,0,0,10
750,-130,0,0,10
770,-130,0,0,10
790,-130,0,0,10
-790,-110,0,0,10
-770,-110,0,0,10
-750,-110,0,0,10
-730,-110,0,0,10
-710,-110,0,0,10
-690,-110,0,0,10
-670,-110,0,0,10
-650,-110,0,0,10
-630,-110,0,0,10
-610,-110,0,0,0
-590,-110,0,0,0
-570,-110,0,0,0
-550,-110,0,0,0
-530,-110,0,0,0
-510,-110,0,0,0
-490,-110,0,0,0
-470,-110,0,0,0
-450,-110,0,0,0
-430,-110,0,0,10
-410,-110,0,0,0
-390,-110,0,0,0
-370,-110,0,0,10
-350,-110,0,0,10
-330,-110,0,0,0
-310,-110,0,0,0
-290,-110,0,0,0
-270,-110,0,0,0
-250,-110,0,0,0
-230,-110,0,0,0
-210,-110,0,0,0
-190,-110,0,0,0
-170,-110,0,0,0
-150,-110,0,0,0
-130,-110,0,0,0
-110,-110,0,0,0
-90,-110,0,0,0
-70,-110,0,0,0
-50,-110,0,0,0
-30,-110,0,0,0
-10,-110,0,0,0
10,-110,0,0,0
30,-110,0,0,0
50,-110,0,0,0
70,-110,0,0,0
90,-110,0,0,0
110,-110,0,0,0
130,-110,0,0,0
150,-110,0,0,0
170,-110,0,0,0
190,-110,0,0,0
210,-110,0,0,0
230,-110,0,0,0
250,-110,0,0,10
270,-110,0,0,0
290,-110,0,0,0
310,-110,0,0,0
330,-110,0,0,0
350,-110,0,0,0
370,-110,0,0,10
390,-110,0,0,0
410,-110,0,0,0
430,-110,0,0,0
450,-110,0,0,0
470,-110,0,0,0
490,-110,0,0,0
510,-110,0,0,0
530,-110,0,0,0
550,-110,0,0,0
570,-110,0,0,0
590,-110,0,0,0
610,-110,0,0,10
630,-110,0,0,10
650,-110,0,0,10
670,-110,0,0,10
690,-110,0,0,10
710,-110,0,0,10
730,-110,0,0,10
750,-110,0,0,10
770,-110,0,0,10
790,-110,0,0,10
-790,-90,0,0,10
-770,-90,0,0,10
-750,-90,0,0,10
-730,-90,0,0,10
-710,-90,0,0,10
-690,-90,0,0,10
-670,-90,0,0,10
-650,-90,0,0,10
-630,-90,0,0,10
-610,-90,0,0,0
-590,-90,0,0,0
-570,-90,0,0,0
-550,-90,0,0,0
-530,-90,0,0,0
-510,-90,0,0,0
-490,-90,0,0,0
-470,-90,0,0,0
-450,-90,0,0,0
-430,-90,0,0,10
-410,-90,0,0,0
-390,-90,0,0,0
-370,-90,0,0,10
-350,-90,0,0,10
-330,-90,0,0,10
-310,-90,0,0,10
-290,-90,0,0,0
-270,-90,0,0,0
-250,-90,0,0,0
-230,-90,0,0,0
-210,-90,0,0,0
-190,-90,0,0,0
-170,-90,0,0,0
-150,-90,0,0,0
-130,-90,0,0,0
-110,-90,0,0,0
-90,-90,0,0,0
-70,-90,0,0,0
-50,-90,0,0,0
-30,-90,0,0,0
-10,-90,0,0,0
10,-90,0,0,0
30,-90,0,0,0
50,-90,0,0,0
70,-90,0,0,0
90,-90,0,0,0
110,-90,0,0,0
130,-90,0,0,0
150,-90,0,0,0
170,-90,0,0,0
190,-90,0,0,0
210,-90,0,0,0
230,-90,0,0,0
250,-90,0,0,0
270,-90,0,0,0
290,-90,0,0,0
310,-90,0,0,0
330,-90,0,0,0
350,-90,0,0,0
370,-90,0,0,10
390,-90,0,0,0
410,-90,0,0,0
430,-90,0,0,0
450,-90,0,0,0
470,-90,0,0,0
490,-90,0,0,0
510,-90,0,0,0
530,-90,0,0,0
550,-90,0,0,0
570,-90,0,0,0
590,-90,0,0,0
610,-90,0,0,10
630,-90,0,0,10
650,-90,0,0,10
670,-90,0,0,10
690,-90,0,0,10
710,-90,0,0,10
730,-90,0,0,10
750,-90,0,0,10
770,-90,0,0,10
790,-90,0,0,10
-790,-70,0,0,10
-770,-70,0,0,10
-750,-70,0,0,10
-730,-70,0,0,10
-710,-70,0,0,10
-690,-70,0,0,10
-670,-70,0,0,10
-650,-70,0,0,10
-630,-70,0,0,10
-610,-70,0,0,0
-590,-70,0,0,0
-570,-70,0,0,0
-550,-70,0,0,0
-530,-70,0,0,0
-510,-70,0,0,0
-490,-70,0,0,0
-470,-70,0,0,0
-450,-70,0,0,0
-430,-70,0,0,10
-410,-70,0,0,10
-390,-70,0,0,0
-370,-70,0,0,10
-350,-70,0,0,0
-330,-70,0,0,10
-310,-70,0,0,10
-290,-70,0,0,10
-270,-70,0,0,10
-250,-70,0,0,10
-230,-70,0,0,0
-210,-70,0,0,0
-190,-70,0,0,0
-170,-70,0,0,0
-150,-70,0,0,0
-130,-70,0,0,0
-110,-70,0,0,0
-90,-70,0,0,0
-70,-70,0,0,0
-50,-70,0,0,0
-30,-70,0,0,0
-10,-70,0,0,0
10,-70,0,0,0
30,-70,0,0,0
50,-70,0,0,0
70,-70,0,0,0
90,-70,0,0,0
110,-70,0,0,10
130,-70,0,0,0
150,-70,0,0,0
170,-70,0,0,0
190,-70,0,0,0
210,-70,0,0,0
230,-70,0,0,0
250,-70,0,0,0
270,-70,0,0,0
290,-70,0,0,0
310,-70,0,0,10
330,-70,0,0,10
350,-70,0,0,0
370,-70,0,0,10
390,-70,0,0,0
410,-70,0,0,10
430,-70,0,0,0
450,-70,0,0,0
470,-70,0,0,0
490,-70,0,0,0
510,-70,0,0,0
530,-70,0,0,0
550,-70,0,0,0
570,-70,0,0,0
590,-70,0,0,0
610,-70,0,0,10
630,-70,0,0,10
650,-70,0,0,10
670,-70,0,0,10
690,-70,0,0,10
710,-70,0,0,10
730,-70,0,0,10
750,-70,0,0,10
770,-70,0,0,10
790,-70,0,0,10
-790,-50,0,0,10
-770,-50,0,0,10
-750,-50,0,0,10
-730,-50,0,0,10
-710,-50,0,0,10
-690,-50,0,0,10
-670,-50,0,0,10
-650,-50,0,0,10
-630,-50,0,0,10
-610,-50,0,0,0
-590,-50,0,0,0
-570,-50,0,0,0
-550,-50,0,0,0
-530,-50,0,0,0
-510,-50,0,0,0
-490,-50,0,0,0
-470,-50,0,0,0
-450,-50,0,0,0
-430,-50,0,0,0
-410,-50,0,0,0
-390,-50,0,0,0
-370,-50,0,0,10
-350,-50,0,0,0
-330,-50,0,0,10
-310,-50,0,0,10
-290,-50,0,0,0
-270,-50,0,0,0
-250,-50,0,0,0
-230,-50,0,0,0
-210,-50,0,0,0
-190,-50,0,0,0
-170,-50,0,0,0
-150,-50,0,0,0
-130,-50,0,0,0
-110,-50,0,0,0
-90,-50,0,0,0
-70,-50,0,0,0
-50,-50,0,0,0
-30,-50,0,0,0
-10,-50,0,0,0
10,-50,0,0,0
30,-50,0,0,0
50,-50,0,0,0
70,-50,0,0,0
90,-50,0,0,0
110,-50,0,0,10
130,-50,0,0,0
150,-50,0,0,0
170,-50,0,0,0
190,-50,0,0,0
210,-50,0,0,0
230,-50,0,0,0
250,-50,0,0,0
270,-50,0,0,0
290,-50,0,0,10
310,-50,0,0,10
330,-50,0,0,0
350,-50,0,0,0
370,-50,0,0,10
390,-50,0,0,0
410,-50,0,0,0
430,-50,0,0,0
450,-50,0,0,0
470,-50,0,0,0
490,-50,0,0,0
510,-50,0,0,0
530,-50,0,0,0
550,-50,0,0,0
570,-50,0,0,0
590,-50,0,0,0
610,-50,0,0,10
630,-50,0,0,10
650,-50,0,0,10
670,-50,0,0,10
690,-50,0,0,10
710,-50,0,0,10
730,-50,0,0,10
750,-50,0,0,10
770,-50,0,0,10
790,-50,0,0,10
-790,-30,0,0,10
-770,-30,0,0,10
-750,-30,0,0,10
-730,-30,0,0,10
-710,-30,0,0,10
-690,-30,0,0,10
-670,-30,0,0,10
-650,-30,0,0,10
-630,-30,0,0,10
-610,-30,0,0,0
-590,-30,0,0,0
-570,-30,0,0,0
-550,-30,0,0,0
-530,-30,0,0,0
-510,-30,0,0,0
-490,-30,0,0,0
-470,-30,0,0,0
-450,-30,0,0,0
-430,-30,0,0,0
-410,-30,0,0,0
-390,-30,0,0,10
-370,-30,0,0,10
-350,-30,0,0,0
-330,-30,0,0,10
-310,-30,0,0,10
-290,-30,0,0,10
-270,-30,0,0,0
-250,-30,0,0,10
-230,-30,0,0,0
-210,-30,0,0,0
-190,-30,0,0,10
-170,-30,0,0,0
-150,-30,0,0,0
-130,-30,0,0,0
-110,-30,0,0,0
-90,-30,0,0,0
-70,-30,0,0,0
-50,-30,0,0,0
-30,-30,0,0,0
-10,-30,0,0,0
10,-30,0,0,0
30,-30,0,0,0
50,-30,0,0,10
70,-30,0,0,0
90,-30,0,0,0
110,-30,0,0,10
130,-30,0,0,10
150,-30,0,0,0
170,-30,0,0,0
190,-30,0,0,0
210,-30,0,0,0
230,-30,0,0,0
250,-30,0,0,0
270,-30,0,0,10
290,-30,0,0,0
310,-30,0,0,10
330,-30,0,0,10
350,-30,0,0,0
370,-30,0,0,10
390,-30,0,0,10
410,-30,0,0,0
430,-30,0,0,0
450,-30,0,0,0
470,-30,0,0,0
490,-30,0,0,0
510,-30,0,0,0
530,-30,0,0,0
550,-30,0,0,0
570,-30,0,0,0
590,-30,0,0,0
610,-30,0,0,10
630,-30,0,0,10
650,-30,0,0,10
670,-30,0,0,10
690,-30,0,0,10
710,-30,0,0,10
730,-30,0,0,10
750,-30,0,0,10
770,-30,0,0,10
790,-30,0,0,10
-790,-10,0,0,10
-770,-10,0,0,10
-750,-10,0,0,10
-730,-10,0,0,10
-710,-10,0,0,10
-690,-10,0,0,10
-670,-10,0,0,10
-650,-10,0,0,10
-630,-10,0,0,10
-610,-10,0,0,0
-590,-10,0,0,0
-570,-10,0,0,0
-550,-10,0,0,0
-530,-10,0,0,0
-510,-10,0,0,0
-490,-10,0,0,0
-470,-10,0,0,0
-450,-10,0,0,0
-430,-10,0,0,0
-410,-10,0,0,10
-390,-10,0,0,10
-370,-10,0,0,0
-350,-10,0,0,0
-330,-10,0,0,10
-310,-10,0,0,10
-290,-10,0,0,10
-270,-10,0,0,10
-250,-10,0,0,0
-230,-10,0,0,0
-210,-10,0,0,0
-190,-10,0,0,0
-170,-10,0,0,0
-150,-10,0,0,10
-130,-10,0,0,10
-110,-10,0,0,0
-90,-10,0,0,0
-70,-10,0,0,10
-50,-10,0,0,0
-30,-10,0,0,0
-10,-10,0,0,10
10,-10,0,0,10
30,-10,0,0,10
50,-10,0,0,0
70,-10,0,0,0
90,-10,0,0,0
110,-10,0,0,0
130,-10,0,0,10
150,-10,0,0,10
170,-10,0,0,10
190,-10,0,0,0
210,-10,0,0,10
230,-10,0,0,10
250,-10,0,0,10
270,-10,0,0,10
290,-10,0,0,10
310,-10,0,0,0
330,-10,0,0,0
350,-10,0,0,0
370,-10,0,0,0
390,-10,0,0,0
410,-10,0,0,0
430,-10,0,0,0
450,-10,0,0,0
470,-10,0,0,0
490,-10,0,0,0
510,-10,0,0,0
530,-10,0,0,0
550,-10,0,0,0
570,-10,0,0,0
590,-10,0,0,0
610,-10,0,0,10
630,-10,0,0,10
650,-10,0,0,10
670,-10,0,0,10
690,-10,0,0,10
710,-10,0,0,10
730,-10,0,0,10
750,-10,0,0,10
770,-10,0,0,10
790,-10,0,0,10
-790,10,0,0,10
-770,10,0,0,10
-750,10,0,0,10
-730,10,0,0,10
-710,10,0,0,10
-690,10,0,0,10
-670,10,0,0,10
-650,10,0,0,10
-630,10,0,0,10
-610,10,0,0,0
-590,10,0,0,0
-570,10,0,0,0
-550,10,0,0,0
-530,10,0,0,0
-510,10,0,0,0
-490,10,0,0,0
-470,10,0,0,0
-450,10,0,0,10
-430,10,0,0,10
-410,10,0,0,10
-390,10,0,0,10
-370,10,0,0,0
-350,10,0,0,10
-330,10,0,0,10
-310,10,0,0,10
-290,10,0,0,10
-270,10,0,0,10
-250,10,0,0,0
-230,10,0,0,0
-210,10,0,0,0
-190,10,0,0,0
-170,10,0,0,0
-150,10,0,0,0
-130,10,0,0,10
-110,10,0,0,0
-90,10,0,0,10
-70,10,0,0,10
-50,10,0,0,10
-30,10,0,0,0
-10,10,0,0,0
10,10,0,0,10
30,10,0,0,10
50,10,0,0,0
70,10,0,0,10
90,10,0,0,0
110,10,0,0,0
130,10,0,0,10
150,10,0,0,10
170,10,0,0,10
190,10,0,0,10
210,10,0,0,10
230,10,0,0,0
250,10,0,0,0
270,10,0,0,0
290,10,0,0,0
310,10,0,0,10
330,10,0,0,0
350,10,0,0,0
370,10,0,0,0
390,10,0,0,0
410,10,0,0,0
430,10,0,0,0
450,10,0,0,0
470,10,0,0,0
490,10,0,0,0
510,10,0,0,0
530,10,0,0,0
550,10,0,0,0
570,10,0,0,0
590,10,0,0,0
610,10,0,0,10
630,10,0,0,10
650,10,0,0,10
670,10,0,0,10
690,10,0,0,10
710,10,0,0,10
730,10,0,0,10
750,10,0,0,10
770,10,0,0,10
790,10,0,0,10
-790,30,0,0,10
-770,30,0,0,10
-750,30,0,0,10
-730,30,0,0,10
-710,30,0,0,10
-690,30,0,0,10
-670,30,0,0,10
-650,30,0,0,10
-630,30,0,0,10
-610,30,0,0,0
-590,30,0,0,0
-570,30,0,0,0
-550,30,0,0,0
-530,30,0,0,0
-510,30,0,0,0
-490,30,0,0,0
-470,30,0,0,0
-450,30,0,0,0
-430,30,0,0,10
-410,30,0,0,10
-390,30,0,0,10
-370,30,0,0,0
-350,30,0,0,10
-330,30,0,0,10
-310,30,0,0,10
-290,30,0,0,10
-270,30,0,0,0
-250,30,0,0,0
-230,30,0,0,0
-210,30,0,0,0
-190,30,0,0,10
-170,30,0,0,0
-150,30,0,0,10
-130,30,0,0,10
-110,30,0,0,0
-90,30,0,0,10
-70,30,0,0,10
-50,30,0,0,0
-30,30,0,0,0
-10,30,0,0,0
10,30,0,0,0
30,30,0,0,10
50,30,0,0,10
70,30,0,0,10
90,30,0,0,0
110,30,0,0,0
130,30,0,0,0
150,30,0,0,0
170,30,0,0,0
190,30,0,0,0
210,30,0,0,0
230,30,0,0,0
250,30,0,0,10
270,30,0,0,0
290,30,0,0,0
310,30,0,0,0
330,30,0,0,0
350,30,0,0,0
370,30,0,0,0
390,30,0,0,0
410,30,0,0,0
430,30,0,0,0
450,30,0,0,0
470,30,0,0,0
490,30,0,0,0
510,30,0,0,0
530,30,0,0,0
550,30,0,0,0
570,30,0,0,0
590,30,0,0,0
610,30,0,0,10
630,30,0,0,10
650,30,0,0,10
670,30,0,0,10
690,30,0,0,10
710,30,0,0,10
730,30,0,0,10
750,30,0,0,10
770,30,0,0,10
790,30,0,0,10
-790,50,0,0,10
-770,50,0,0,10
-750,50,0,0,10
-730,50,0,0,10
-710,50,0,0,10
-690,50,0,0,10
-670,50,0,0,10
-650,50,0,0,10
-630,50,0,0,10
-610,50,0,0,0
-590,50,0,0,0
-570,50,0,0,0
-550,50,0,0,0
-530,50,0,0,0
-510,50,0,0,0
-490,50,0,0,0
-470,50,0,0,0
-450,50,0,0,0
-430,50,0,0,10
-410,50,0,0,10
-390,50,0,0,10
-370,50,0,0,0
-350,50,0,0,0
-330,50,0,0,0
-310,50,0,0,10
-290,50,0,0,0
-270,50,0,0,10
-250,50,0,0,0
-230,50,0,0,10
-210,50,0,0,10
-190,50,0,0,10
-170,50,0,0,0
-150,50,0,0,0
-130,50,0,0,10
-110,50,0,0,10
-90,50,0,0,10
-70,50,0,0,10
-50,50,0,0,10
-30,50,0,0,10
-10,50,0,0,10
10,50,0,0,10
30,50,0,0,10
50,50,0,0,10
70,50,0,0,0
90,50,0,0,0
110,50,0,0,0
130,50,0,0,0
150,50,0,0,0
170,50,0,0,0
190,50,0,0,10
210,50,0,0,0
230,50,0,0,0
250,50,0,0,0
270,50,0,0,0
290,50,0,0,0
310,50,0,0,0
330,50,0,0,0
350,50,0,0,0
370,50,0,0,0
390,50,0,0,0
410,50,0,0,0
430,50,0,0,0
450,50,0,0,0
470,50,0,0,0
490,50,0,0,0
510,50,0,0,0
530,50,0,0,0
550,50,0,0,0
570,50,0,0,0
590,50,0,0,0
610,50,0,0,10
630,50,0,0,10
650,50,0,0,10
670,50,0,0,10
690,50,0,0,10
710,50,0,0,10
730,50,0,0,10
750,50,0,0,10
770,50,0,0,10
790,50,0,0,10
-790,70,0,0,10
-770,70,0,0,10
-750,70,0,0,10
-730,70,0,0,10
-710,70,0,0,10
-690,70,0,0,10
-670,70,0,0,10
-650,70,0,0,10
-630,70,0,0,10
-610,70,0,0,0
-590,70,0,0,0
-570,70,0,0,0
-550,70,0,0,0
-530,70,0,0,0
-510,70,0,0,0
-490,70,0,0,0
-470,70,0,0,0
-450,70,0,0,0
-430,70,0,0,0
-410,70,0,0,0
-390,70,0,0,0
-370,70,0,0,10
-350,70,0,0,0
-330,70,0,0,10
-310,70,0,0,10
-290,70,0,0,10
-270,70,0,0,10
-250,70,0,0,0
-230,70,0,0,10
-210,70,0,0,10
-190,70,0,0,10
-170,70,0,0,10
-150,70,0,0,0
-130,70,0,0,10
-110,70,0,0,10
-90,70,0,0,10
-70,70,0,0,10
-50,70,0,0,10
-30,70,0,0,10
-10,70,0,0,10
10,70,0,0,10
30,70,0,0,10
50,70,0,0,10
70,70,0,0,0
90,70,0,0,0
110,70,0,0,0
130,70,0,0,0
150,70,0,0,0
170,70,0,0,0
190,70,0,0,10
210,70,0,0,0
230,70,0,0,0
250,70,0,0,0
270,70,0,0,0
290,70,0,0,0
310,70,0,0,0
330,70,0,0,0
350,70,0,0,0
370,70,0,0,0
390,70,0,0,0
410,70,0,0,0
430,70,0,0,0
450,70,0,0,0
470,70,0,0,0
490,70,0,0,0
510,70,0,0,0
530,70,0,0,0
550,70,0,0,0
570,70,0,0,0
590,70,0,0,0
610,70,0,0,10
630,70,0,0,10
650,70,0,0,10
670,70,0,0,10
690,70,0,0,10
710,70,0,0,10
730,70,0,0,10
750,70,0,0,10
770,70,0,0,10
790,70,0,0,10
-790,90,0,0,10
-770,90,0,0,10
-750,90,0,0,10
-730,90,0,0,10
-710,90,0,0,10
-690,90,0,0,10
-670,90,0,0,10
-650,90,0,0,10
-630,90,0,0,10
-610,90,0,0,0
-590,90,0,0,0
-570,90,0,0,0
-550,90,0,0,0
-530,90,0,0,0
-510,90,0,0,0
-490,90,0,0,0
-470,90,0,0,0
-450,90,0,0,0
-430,90,0,0,0
-410,90,0,0,0
-390,90,0,0,0
-370,90,0,0,0
-350,90,0,0,0
-330,90,0,0,10
-310,90,0,0,10
-290,90,0,0,10
-270,90,0,0,10
-250,90,0,0,10
-230,90,0,0,10
-210,90,0,0,10
-190,90,0,0,10
-170,90,0,0,10
-150,90,0,0,0
-130,90,0,0,10
-110,90,0,0,10
-90,90,0,0,10
-70,90,0,0,10
-50,90,0,0,10
-30,90,0,0,10
-10,90,0,0,10
10,90,0,0,0
30,90,0,0,10
50,90,0,0,0
70,90,0,0,0
90,90,0,0,0
110,90,0,0,0
130,90,0,0,0
150,90,0,0,0
170,90,0,0,0
190,90,0,0,10
210,90,0,0,0
230,90,0,0,0
250,90,0,0,0
270,90,0,0,0
290,90,0,0,0
310,90,0,0,0
330,90,0,0,0
350,90,0,0,0
370,90,0,0,0
390,90,0,0,0
410,90,0,0,0
430,90,0,0,0
450,90,0,0,0
470,90,0,0,0
490,90,0,0,0
510,90,0,0,0
530,90,0,0,0
550,90,0,0,0
570,90,0,0,0
590,90,0,0,0
610,90,0,0,10
630,90,0,0,10
650,90,0,0,10
670,90,0,0,10
690,90,0,0,10
710,90,0,0,10
730,90,0,0,10
750,90,0,0,10
770,90,0,0,10
790,90,0,0,10
-790,110,0,0,10
-770,110,0,0,10
-750,110,0,0,10
-730,110,0,0,10
-710,110,0,0,10
-690,110,0,0,10
-670,110,0,0,10
-650,110,0,0,10
-630,110,0,0,10
-610,110,0,0,10
-590,110,0,0,0
-570,110,0,0,0
-550,110,0,0,0
-530,110,0,0,0
-510,110,0,0,0
-490,110,0,0,0
-470,110,0,0,0
-450,110,0,0,0
-430,110,0,0,0
-410,110,0,0,0
-390,110,0,0,0
-370,110,0,0,0
-350,110,0,0,0
-330,110,0,0,0
-310,110,0,0,10
-290,110,0,0,10
-270,110,0,0,10
-250,110,0,0,10
-230,110,0,0,10
-210,110,0,0,0
-190,110,0,0,10
-170,110,0,0,10
-150,110,0,0,10
-130,110,0,0,10
-110,110,0,0,10
-90,110,0,0,0
-70,110,0,0,10
-50,110,0,0,10
-30,110,0,0,10
-10,110,0,0,10
10,110,0,0,10
30,110,0,0,10
50,110,0,0,0
70,110,0,0,0
90,110,0,0,0
110,110,0,0,0
130,110,0,0,0
150,110,0,0,0
170,110,0,0,0
190,110,0,0,0
210,110,0,0,10
230,110,0,0,0
250,110,0,0,0
270,110,0,0,0
290,110,0,0,0
310,110,0,0,0
330,110,0,0,10
350,110,0,0,0
370,110,0,0,0
390,110,0,0,0
410,110,0,0,0
430,110,0,0,0
450,110,0,0,0
470,110,0,0,0
490,110,0,0,0
510,110,0,0,0
530,110,0,0,0
550,110,0,0,0
570,110,0,0,0
590,110,0,0,0
610,110,0,0,10
630,110,0,0,10
650,110,0,0,10
670,110,0,0,10
690,110,0,0,10
710,110,0,0,10
730,110,0,0,10
750,110,0,0,10
770,110,0,0,10
790,110,0,0,10
-790,130,0,0,10
-770,130,0,0,10
-750,130,0,0,10
-730,130,0,0,10
-710,130,0,0,10
-690,130,0,0,10
-670,130,0,0,10
-650,130,0,0,10
-630,130,0,0,10
-610,130,0,0,10
-590,130,0,0,0
-570,130,0,0,0
-550,130,0,0,0
-530,130,0,0,0
-510,130,0,0,0
-490,130,0,0,0
-470,130,0,0,0
-450,130,0,0,0
-430,130,0,0,0
-410,130,0,0,0
-390,130,0,0,0
-370,130,0,0,0
-350,130,0,0,0
-330,130,0,0,0
-310,130,0,0,10
-290,130,0,0,10
-270,130,0,0,10
-250,130,0,0,10
-230,130,0,0,10
-210,130,0,0,10
-190,130,0,0,10
-170,130,0,0,10
-150,130,0,0,10
-130,130,0,0,10
-110,130,0,0,10
-90,130,0,0,10
-70,130,0,0,10
-50,130,0,0,10
-30,130,0,0,10
-10,130,0,0,0
10,130,0,0,10
30,130,0,0,0
50,130,0,0,0
70,130,0,0,0
90,130,0,0,0
110,130,0,0,0
130,130,0,0,0
150,130,0,0,0
170,130,0,0,0
190,130,0,0,0
210,130,0,0,10
230,130,0,0,0
250,130,0,0,0
270,130,0,0,0
290,130,0,0,0
310,130,0,0,0
330,130,0,0,0
350,130,0,0,0
370,130,0,0,0
390,130,0,0,0
410,130,0,0,0
430,130,0,0,0
450,130,0,0,0
470,130,0,0,0
490,130,0,0,0
510,130,0,0,0
530,130,0,0,0
550,130,0,0,0
570,130,0,0,0
590,130,0,0,0
610,130,0,0,10
630,130,0,0,10
650,130,0,0,10
670,130,0,0,10
690,130,0,0,10
710,130,0,0,10
730,130,0,0,10
750,130,0,0,10
770,130,0,0,10
790,130,0,0,10
-790,150,0,0,10
-770,150,0,0,10
-750,150,0,0,10
-730,150,0,0,10
-710,150,0,0,10
-690,150,0,0,10
-670,150,0,0,10
-650,150,0,0,10
-630,150,0,0,10
-610,150,0,0,10
-590,150,0,0,0
-570,150,0,0,0
-550,150,0,0,0
-530,150,0,0,0
-510,150,0,0,0
-490,150,0,0,0
-470,150,0,0,0
-450,150,0,0,0
-430,150,0,0,0
-410,150,0,0,0
-390,150,0,0,0
-370,150,0,0,0
-350,150,0,0,0
-330,150,0,0,0
-310,150,0,0,0
-290,150,0,0,10
-270,150,0,0,10
-250,150,0,0,10
-230,150,0,0,10
-210,150,0,0,10
-190,150,0,0,0
-170,150,0,0,10
-150,150,0,0,10
-130,150,0,0,10
-110,150,0,0,10
-90,150,0,0,10
-70,150,0,0,10
-50,150,0,0,0
-30,150,0,0,0
-10,150,0,0,0
10,150,0,0,10
30,150,0,0,10
50,150,0,0,10
70,150,0,0,0
90,150,0,0,0
110,150,0,0,0
130,150,0,0,0
150,150,0,0,0
170,150,0,0,0
190,150,0,0,0
210,150,0,0,0
230,150,0,0,0
250,150,0,0,0
270,150,0,0,0
290,150,0,0,0
310,150,0,0,0
330,150,0,0,0
350,150,0,0,0
370,150,0,0,0
390,150,0,0,0
410,150,0,0,0
430,150,0,0,0
450,150,0,0,0
470,150,0,0,0
490,150,0,0,0
510,150,0,0,0
530,150,0,0,0
550,150,0,0,0
570,150,0,0,0
590,150,0,0,10
610,150,0,0,10
630,150,0,0,10
650,150,0,0,10
670,150,0,0,10
690,150,0,0,10
710,150,0,0,10
730,150,0,0,10
750,150,0,0,10
770,150,0,0,10
790,150,0,0,10
-790,170,0,0,10
-770,170,0,0,10
-750,170,0,0,10
-730,170,0,0,10
-710,170,0,0,10
-690,170,0,0,10
-670,170,0,0,10
-650,170,0,0,10
-630,170,0,0,10
-610,170,0,0,10
-590,170,0,0,0
-570,170,0,0,0
-550,170,0,0,0
-530,170,0,0,0
-510,170,0,0,0
-490,170,0,0,0
-470,170,0,0,0
-450,170,0,0,0
-430,170,0,0,0
-410,170,0,0,0
-390,170,0,0,0
-370,170,0,0,0
-350,170,0,0,0
-330,170,0,0,10
-310,170,0,0,10
-290,170,0,0,10
-270,170,0,0,10
-250,170,0,0,10
-230,170,0,0,10
-210,170,0,0,10
-190,170,0,0,10
-170,170,0,0,10
-150,170,0,0,0
-130,170,0,0,10
-110,170,0,0,10
-90,170,0,0,10
-70,170,0,0,0
-50,170,0,0,0
-30,170,0,0,0
-10,170,0,0,10
10,170,0,0,0
30,170,0,0,10
50,170,0,0,10
70,170,0,0,0
90,170,0,0,0
110,170,0,0,0
130,170,0,0,0
150,170,0,0,0
170,170,0,0,0
190,170,0,0,0
210,170,0,0,10
230,170,0,0,10
250,170,0,0,0
270,170,0,0,0
290,170,0,0,0
310,170,0,0,0
330,170,0,0,0
350,170,0,0,0
370,170,0,0,0
390,170,0,0,0
410,170,0,0,0
430,170,0,0,0
450,170,0,0,0
470,170,0,0,0
490,170,0,0,0
510,170,0,0,0
530,170,0,0,0
550,170,0,0,0
570,170,0,0,0
590,170,0,0,10
610,170,0,0,10
630,170,0,0,10
650,170,0,0,10
670,170,0,0,10
690,170,0,0,10
710,170,0,0,10
730,170,0,0,10
750,170,0,0,10
770,170,0,0,10
790,170,0,0,10
-790,190,0,0,10
-770,190,0,0,10
-750,190,0,0,10
-730,190,0,0,10
-710,190,0,0,10
-690,190,0,0,10
-670,190,0,0,10
-650,190,0,0,10
-630,190,0,0,10
-610,190,0,0,10
-590,190,0,0,10
-570,190,0,0,0
-550,190,0,0,0
-530,190,0,0,0
-510,190,0,0,0
-490,190,0,0,0
-470,190,0,0,0
-450,190,0,0,0
-430,190,0,0,0
-410,190,0,0,0
-390,190,0,0,0
-370,190,0,0,0
-350,190,0,0,10
-330,190,0,0,0
-310,190,0,0,0
-290,190,0,0,10
-270,190,0,0,10
-250,190,0,0,10
-230,190,0,0,10
-210,190,0,0,10
-190,190,0,0,10
-170,190,0,0,10
-150,190,0,0,10
-130,190,0,0,10
-110,190,0,0,10
-90,190,0,0,0
-70,190,0,0,0
-50,190,0,0,0
-30,190,0,0,0
-10,190,0,0,0
10,190,0,0,0
30,190,0,0,0
50,190,0,0,10
70,190,0,0,10
90,190,0,0,0
110,190,0,0,0
130,190,0,0,0
150,190,0,0,0
170,190,0,0,0
190,190,0,0,0
210,190,0,0,0
230,190,0,0,10
250,190,0,0,0
270,190,0,0,0
290,190,0,0,0
310,190,0,0,0
330,190,0,0,0
350,190,0,0,0
370,190,0,0,0
390,190,0,0,0
410,190,0,0,0
430,190,0,0,0
450,190,0,0,0
470,190,0,0,0
490,190,0,0,0
510,190,0,0,0
530,190,0,0,0
550,190,0,0,0
570,190,0,0,0
590,190,0,0,10
610,190,0,0,10
630,190,0,0,10
650,190,0,0,10
670,190,0,0,10
690,190,0,0,10
710,190,0,0,10
730,190,0,0,10
750,190,0,0,10
770,190,0,0,10
790,190,0,0,10
-790,210,0,0,10
-770,210,0,0,10
-750,210,0,0,10
-730,210,0,0,10
-710,210,0,0,10
-690,210,0,0,10
-670,210,0,0,10
-650,210,0,0,10
-630,210,0,0,10
-610,210,0,0,10
-590,210,0,0,10
-570,210,0,0,0
-550,210,0,0,0
-530,210,0,0,0
-510,210,0,0,0
-490,210,0,0,0
-470,210,0,0,0
-450,210,0,0,0
-430,210,0,0,0
-410,210,0,0,0
-390,210,0,0,0
-370,210,0,0,10
-350,210,0,0,10
-330,210,0,0,0
-310,210,0,0,0
-290,210,0,0,10
-270,210,0,0,10
-250,210,0,0,10
-230,210,0,0,0
-210,210,0,0,10
-190,210,0,0,0
-170,210,0,0,0
-150,210,0,0,10
-130,210,0,0,0
-110,210,0,0,0
-90,210,0,0,0
-70,210,0,0,0
-50,210,0,0,0
-30,210,0,0,0
-10,210,0,0,0
10,210,0,0,0
30,210,0,0,0
50,210,0,0,10
70,210,0,0,0
90,210,0,0,0
110,210,0,0,0
130,210,0,0,0
150,210,0,0,0
170,210,0,0,0
190,210,0,0,0
210,210,0,0,0
230,210,0,0,10
250,210,0,0,0
270,210,0,0,0
290,210,0,0,0
310,210,0,0,0
330,210,0,0,0
350,210,0,0,0
370,210,0,0,0
390,210,0,0,0
410,210,0,0,0
430,210,0,0,0
450,210,0,0,0
470,210,0,0,0
490,210,0,0,0
510,210,0,0,0
530,210,0,0,0
550,210,0,0,0
570,210,0,0,10
590,210,0,0,10
610,210,0,0,10
630,210,0,0,10
650,210,0,0,10
670,210,0,0,10
690,210,0,0,10
710,210,0,0,10
730,210,0,0,10
750,210,0,0,10
770,210,0,0,10
790,210,0,0,10
-790,230,0,0,10
-770,230,0,0,10
-750,230,0,0,10
-730,230,0,0,10
-710,230,0,0,10
-690,230,0,0,10
-670,230,0,0,10
-650,230,0,0,10
-630,230,0,0,10
-610,230,0,0,10
-590,230,0,0,10
-570,230,0,0,10
-550,230,0,0,0
-530,230,0,0,0
-510,230,0,0,0
-490,230,0,0,0
-470,230,0,0,0
-450,230,0,0,0
-430,230,0,0,0
-410,230,0,0,0
-390,230,0,0,0
-370,230,0,0,0
-350,230,0,0,0
-330,230,0,0,10
-310,230,0,0,10
-290,230,0,0,0
-270,230,0,0,10
-250,230,0,0,10
-230,230,0,0,0
-210,230,0,0,0
-190,230,0,0,0
-170,230,0,0,10
-150,230,0,0,10
-130,230,0,0,0
-110,230,0,0,0
-90,230,0,0,0
-70,230,0,0,0
-50,230,0,0,0
-30,230,0,0,0
-10,230,0,0,0
10,230,0,0,0
30,230,0,0,0
50,230,0,0,0
70,230,0,0,0
90,230,0,0,10
110,230,0,0,0
130,230,0,0,0
150,230,0,0,0
170,230,0,0,0
190,230,0,0,0
210,230,0,0,0
230,230,0,0,0
250,230,0,0,0
270,230,0,0,0
290,230,0,0,0
310,230,0,0,0
330,230,0,0,0
350,230,0,0,0
370,230,0,0,0
390,230,0,0,0
410,230,0,0,0
430,230,0,0,0
450,230,0,0,0
470,230,0,0,0
490,230,0,0,0
510,230,0,0,0
530,230,0,0,0
550,230,0,0,0
570,230,0,0,10
590,230,0,0,10
610,230,0,0,10
630,230,0,0,10
650,230,0,0,10
670,230,0,0,10
690,230,0,0,10
710,230,0,0,10
730,230,0,0,10
750,230,0,0,10
770,230,0,0,10
790,230,0,0,10
-790,250,0,0,10
-770,250,0,0,10
-750,250,0,0,10
-730,250,0,0,10
-710,250,0,0,10
-690,250,0,0,10
-670,250,0,0,10
-650,250,0,0,10
-630,250,0,0,10
-610,250,0,0,10
-590,250,0,0,10
-570,250,0,0,10
-550,250,0,0,0
-530,250,0,0,0
-510,250,0,0,0
-490,250,0,0,0
-470,250,0,0,0
-450,250,0,0,0
-430,250,0,0,0
-410,250,0,0,0
-390,250,0,0,0
-370,250,0,0,0
-350,250,0,0,0
-330,250,0,0,0
-310,250,0,0,0
-290,250,0,0,0
-270,250,0,0,0
-250,250,0,0,10
-230,250,0,0,10
-210,250,0,0,10
-190,250,0,0,0
-170,250,0,0,10
-150,250,0,0,10
-130,250,0,0,0
-110,250,0,0,0
-90,250,0,0,0
-70,250,0,0,0
-50,250,0,0,0
-30,250,0,0,0
-10,250,0,0,0
10,250,0,0,0
30,250,0,0,0
50,250,0,0,0
70,250,0,0,0
90,250,0,0,0
110,250,0,0,0
130,250,0,0,0
150,250,0,0,0
170,250,0,0,0
190,250,0,0,0
210,250,0,0,0
230,250,0,0,0
250,250,0,0,0
270,250,0,0,0
290,250,0,0,0
310,250,0,0,0
330,250,0,0,0
350,250,0,0,0
370,250,0,0,0
390,250,0,0,0
410,250,0,0,0
430,250,0,0,0
450,250,0,0,0
470,250,0,0,0
490,250,0,0,0
510,250,0,0,0
530,250,0,0,0
550,250,0,0,10
570,250,0,0,10
590,250,0,0,10
610,250,0,0,10
630,250,0,0,10
650,250,0,0,10
670,250,0,0,10
690,250,0,0,10
710,250,0,0,10
730,250,0,0,10
750,250,0,0,10
770,250,0,0,10
790,250,0,0,10
-790,270,0,0,10
-770,270,0,0,10
-750,270,0,0,10
-730,270,0,0,10
-710,270,0,0,10
-690,270,0,0,10
-670,270,0,0,10
-650,270,0,0,10
-630,270,0,0,10
-610,270,0,0,10
-590,270,0,0,10
-570,270,0,0,10
-550,270,0,0,0
-530,270,0,0,0
-510,270,0,0,0
-490,270,0,0,0
-470,270,0,0,0
-450,270,0,0,0
-430,270,0,0,0
-410,270,0,0,0
-390,270,0,0,0
-370,270,0,0,0
-350,270,0,0,0
-330,270,0,0,0
-310,270,0,0,0
-290,270,0,0,0
-270,270,0,0,10
-250,270,0,0,10
-230,270,0,0,10
-210,270,0,0,10
-190,270,0,0,0
-170,270,0,0,10
-150,270,0,0,10
-130,270,0,0,10
-110,270,0,0,0
-90,270,0,0,0
-70,270,0,0,0
-50,270,0,0,0
-30,270,0,0,0
-10,270,0,0,0
10,270,0,0,0
30,270,0,0,0
50,270,0,0,0
70,270,0,0,0
90,270,0,0,0
110,270,0,0,10
130,270,0,0,10
150,270,0,0,0
170,270,0,0,10
190,270,0,0,0
210,270,0,0,0
230,270,0,0,0
250,270,0,0,0
270,270,0,0,0
290,270,0,0,0
310,270,0,0,0
330,270,0,0,0
350,270,0,0,0
370,270,0,0,0
390,270,0,0,0
410,270,0,0,0
430,270,0,0,0
450,270,0,0,0
470,270,0,0,0
490,270,0,0,0
510,270,0,0,0
530,270,0,0,0
550,270,0,0,10
570,270,0,0,10
590,270,0,0,10
610,270,0,0,10
630,270,0,0,10
650,270,0,0,10
670,270,0,0,10
690,270,0,0,10
710,270,0,0,10
730,270,0,0,10
750,270,0,0,10
770,270,0,0,10
790,270,0,0,10
-790,290,0,0,10
-770,290,0,0,10
-750,290,0,0,10
-730,290,0,0,10
-710,290,0,0,10
-690,290,0,0,10
-670,290,0,0,10
-650,290,0,0,10
-630,290,0,0,10
-610,290,0,0,10
-590,290,0,0,10
-570,290,0,0,10
-550,290,0,0,10
-530,290,0,0,0
-510,290,0,0,0
-490,290,0,0,0
-470,290,0,0,0
-450,290,0,0,0
-430,290,0,0,0
-410,290,0,0,0
-390,290,0,0,0
-370,290,0,0,0
-350,290,0,0,0
-330,290,0,0,0
-310,290,0,0,0
-290,290,0,0,10
-270,290,0,0,0
-250,290,0,0,10
-230,290,0,0,0
-210,290,0,0,0
-190,290,0,0,0
-170,290,0,0,0
-150,290,0,0,10
-130,290,0,0,10
-110,290,0,0,10
-90,290,0,0,0
-70,290,0,0,0
-50,290,0,0,0
-30,290,0,0,0
-10,290,0,0,0
10,290,0,0,0
30,290,0,0,0
50,290,0,0,0
70,290,0,0,0
90,290,0,0,10
110,290,0,0,0
130,290,0,0,10
150,290,0,0,0
170,290,0,0,10
190,290,0,0,0
210,290,0,0,10
230,290,0,0,0
250,290,0,0,0
270,290,0,0,0
290,290,0,0,0
310,290,0,0,0
330,290,0,0,0
350,290,0,0,0
370,290,0,0,0
390,290,0,0,0
410,290,0,0,0
430,290,0,0,0
450,290,0,0,0
470,290,0,0,0
490,290,0,0,0
510,290,0,0,0
530,290,0,0,10
550,290,0,0,10
570,290,0,0,10
590,290,0,0,10
610,290,0,0,10
630,290,0,0,10
650,290,0,0,10
670,290,0,0,10
690,290,0,0,10
710,290,0,0,10
730,290,0,0,10
750,290,0,0,10
770,290,0,0,10
790,290,0,0,10
-790,310,0,0,10
-770,310,0,0,10
-750,310,0,0,10
-730,310,0,0,10
-710,310,0,0,10
-690,310,0,0,10
-670,310,0,0,10
-650,310,0,0,10
-630,310,0,0,10
-610,310,0,0,10
-590,310,0,0,10
-570,310,0,0,10
-550,310,0,0,10
-530,310,0,0,10
-510,310,0,0,0
-490,310,0,0,0
-470,310,0,0,0
-450,310,0,0,0
-430,310,0,0,0
-410,310,0,0,0
-390,310,0,0,0
-370,310,0,0,0
-350,310,0,0,0
-330,310,0,0,0
-310,310,0,0,0
-290,310,0,0,10
-270,310,0,0,0
-250,310,0,0,0
-230,310,0,0,0
-210,310,0,0,0
-190,310,0,0,0
-170,310,0,0,0
-150,310,0,0,0
-130,310,0,0,10
-110,310,0,0,10
-90,310,0,0,10
-70,310,0,0,0
-50,310,0,0,0
-30,310,0,0,0
-10,310,0,0,0
10,310,0,0,0
30,310,0,0,0
50,310,0,0,10
70,310,0,0,0
90,310,0,0,0
110,310,0,0,0
130,310,0,0,10
150,310,0,0,0
170,310,0,0,0
190,310,0,0,10
210,310,0,0,10
230,310,0,0,0
250,310,0,0,0
270,310,0,0,0
290,310,0,0,0
310,310,0,0,0
330,310,0,0,0
350,310,0,0,0
370,310,0,0,0
390,310,0,0,0
410,310,0,0,0
430,310,0,0,0
450,310,0,0,0
470,310,0,0,0
490,310,0,0,0
510,310,0,0,0
530,310,0,0,10
550,310,0,0,10
570,310,0,0,10
590,310,0,0,10
610,310,0,0,10
630,310,0,0,10
650,310,0,0,10
670,310,0,0,10
690,310,0,0,10
710,310,0,0,10
730,310,0,0,10
750,310,0,0,10
770,310,0,0,10
790,310,0,0,10
-790,330,0,0,10
-770,330,0,0,10
-750,330,0,0,10
-730,330,0,0,10
-710,330,0,0,10
-690,330,0,0,10
-670,330,0,0,10
-650,330,0,0,10
-630,330,0,0,10
-610,330,0,0,10
-590,330,0,0,10
-570,330,0,0,10
-550,330,0,0,10
-530,330,0,0,10
-510,330,0,0,0
-490,330,0,0,0
-470,330,0,0,0
-450,330,0,0,0
-430,330,0,0,0
-410,330,0,0,0
-390,330,0,0,0
-370,330,0,0,0
-350,330,0,0,0
-330,330,0,0,0
-310,330,0,0,0
-290,330,0,0,0
-270,330,0,0,0
-250,330,0,0,0
-230,330,0,0,0
-210,330,0,0,0
-190,330,0,0,0
-170,330,0,0,0
-150,330,0,0,0
-130,330,0,0,0
-110,330,0,0,10
-90,330,0,0,0
-70,330,0,0,0
-50,330,0,0,0
-30,330,0,0,0
-10,330,0,0,0
10,330,0,0,0
30,330,0,0,10
50,330,0,0,10
70,330,0,0,0
90,330,0,0,0
110,330,0,0,0
130,330,0,0,0
150,330,0,0,0
170,330,0,0,0
190,330,0,0,0
210,330,0,0,0
230,330,0,0,10
250,330,0,0,10
270,330,0,0,0
290,330,0,0,0
310,330,0,0,0
330,330,0,0,0
350,330,0,0,0
370,330,0,0,0
390,330,0,0,0
410,330,0,0,0
430,330,0,0,0
450,330,0,0,0
470,330,0,0,0
490,330,0,0,0
510,330,0,0,10
530,330,0,0,10
550,330,0,0,10
570,330,0,0,10
590,330,0,0,10
610,330,0,0,10
630,330,0,0,10
650,330,0,0,10
670,330,0,0,10
690,330,0,0,10
710,330,0,0,10
730,330,0,0,10
750,330,0,0,10
770,330,0,0,10
790,330,0,0,10
-790,350,0,0,10
-770,350,0,0,10
-750,350,0,0,10
-730,350,0,0,10
-710,350,0,0,10
-690,350,0,0,10
-670,350,0,0,10
-650,350,0,0,10
-630,350,0,0,10
-610,350,0,0,10
-590,350,0,0,10
-570,350,0,0,10
-550,350,0,0,10
-530,350,0,0,10
-510,350,0,0,10
-490,350,0,0,0
-470,350,0,0,0
-450,350,0,0,0
-430,350,0,0,0
-410,350,0,0,0
-390,350,0,0,0
-370,350,0,0,0
-350,350,0,0,0
-330,350,0,0,0
-310,350,0,0,0
-290,350,0,0,0
-270,350,0,0,0
-250,350,0,0,0
-230,350,0,0,0
-210,350,0,0,0
-190,350,0,0,0
-170,350,0,0,0
-150,350,0,0,0
-130,350,0,0,0
-110,350,0,0,10
-90,350,0,0,10
-70,350,0,0,0
-50,350,0,0,0
-30,350,0,0,0
-10,350,0,0,0
10,350,0,0,0
30,350,0,0,10
50,350,0,0,10
70,350,0,0,10
90,350,0,0,0
110,350,0,0,0
130,350,0,0,0
150,350,0,0,0
170,350,0,0,0
190,350,0,0,0
210,350,0,0,0
230,350,0,0,0
250,350,0,0,0
270,350,0,0,0
290,350,0,0,0
310,350,0,0,0
330,350,0,0,0
350,350,0,0,0
370,350,0,0,0
390,350,0,0,0
410,350,0,0,0
430,350,0,0,0
450,350,0,0,0
470,350,0,0,0
490,350,0,0,10
510,350,0,0,10
530,350,0,0,10
550,350,0,0,10
570,350,0,0,10
590,350,0,0,10
610,350,0,0,10
630,350,0,0,10
650,350,0,0,10
670,350,0,0,10
690,350,0,0,10
710,350,0,0,10
730,350,0,0,10
750,350,0,0,10
770,350,0,0,10
790,350,0,0,10
-790,370,0,0,10
-770,370,0,0,10
-750,370,0,0,10
-730,370,0,0,10
-710,370,0,0,10
-690,370,0,0,10
-670,370,0,0,10
-650,370,0,0,10
-630,370,0,0,10
-610,370,0,0,10
-590,370,0,0,10
-570,370,0,0,10
-550,370,0,0,10
-530,370,0,0,10
-510,370,0,0,10
-490,370,0,0,10
-470,370,0,0,0
-450,370,0,0,0
-430,370,0,0,0
-410,370,0,0,0
-390,370,0,0,0
-370,370,0,0,0
-350,370,0,0,0
-330,370,0,0,0
-310,370,0,0,0
-290,370,0,0,0
-270,370,0,0,0
-250,370,0,0,0
-230,370,0,0,0
-210,370,0,0,0
-190,370,0,0,10
-170,370,0,0,10
-150,370,0,0,10
-130,370,0,0,10
-110,370,0,0,0
-90,370,0,0,10
-70,370,0,0,0
-50,370,0,0,0
-30,370,0,0,0
-10,370,0,0,0
10,370,0,0,0
30,370,0,0,0
50,370,0,0,10
70,370,0,0,0
90,370,0,0,0
110,370,0,0,0
130,370,0,0,0
150,370,0,0,0
170,370,0,0,0
190,370,0,0,0
210,370,0,0,0
230,370,0,0,0
250,370,0,0,0
270,370,0,0,0
290,370,0,0,0
310,370,0,0,0
330,370,0,0,0
350,370,0,0,0
370,370,0,0,0
390,370,0,0,0
410,370,0,0,0
430,370,0,0,0
450,370,0,0,0
470,370,0,0,0
490,370,0,0,10
510,370,0,0,10
530,370,0,0,10
550,370,0,0,10
570,370,0,0,10
590,370,0,0,10
610,370,0,0,10
630,370,0,0,10
650,370,0,0,10
670,370,0,0,10
690,370,0,0,10
710,370,0,0,10
730,370,0,0,10
750,370,0,0,10
770,370,0,0,10
790,370,0,0,10
-790,390,0,0,10
-770,390,0,0,10
-750,390,0,0,10
-730,390,0,0,10
-710,390,0,0,10
-690,390,0,0,10
-670,390,0,0,10
-650,390,0,0,10
-630,390,0,0,10
-610,390,0,0,10
-590,390,0,0,10
-570,390,0,0,10
-550,390,0,0,10
-530,390,0,0,10
-510,390,0,0,10
-490,390,0,0,10
-470,390,0,0,10
-450,390,0,0,0
-430,390,0,0,0
-410,390,0,0,0
-390,390,0,0,0
-370,390,0,0,0
-350,390,0,0,0
-330,390,0,0,0
-310,390,0,0,0
-290,390,0,0,0
-270,390,0,0,0
-250,390,0,0,0
-230,390,0,0,0
-210,390,0,0,0
-190,390,0,0,0
-170,390,0,0,0
-150,390,0,0,10
-130,390,0,0,0
-110,390,0,0,10
-90,390,0,0,10
-70,390,0,0,0
-50,390,0,0,0
-30,390,0,0,0
-10,390,0,0,0
10,390,0,0,0
30,390,0,0,0
50,390,0,0,10
70,390,0,0,0
90,390,0,0,0
110,390,0,0,0
130,390,0,0,0
150,390,0,0,0
170,390,0,0,0
190,390,0,0,0
210,390,0,0,0
230,390,0,0,0
250,390,0,0,0
270,390,0,0,0
290,390,0,0,0
310,390,0,0,0
330,390,0,0,0
350,390,0,0,0
370,390,0,0,0
390,390,0,0,0
410,390,0,0,0
430,390,0,0,0
450,390,0,0,0
470,390,0,0,10
490,390,0,0,10
510,390,0,0,10
530,390,0,0,10
550,390,0,0,10
570,390,0,0,10
590,390,0,0,10
610,390,0,0,10
630,390,0,0,10
650,390,0,0,10
670,390,0,0,10
690,390,0,0,10
710,390,0,0,10
730,390,0,0,10
750,390,0,0,10
770,390,0,0,10
790,390,0,0,10
-790,410,0,0,10
-770,410,0,0,10
-750,410,0,0,10
-730,410,0,0,10
-710,410,0,0,10
-690,410,0,0,10
-670,410,0,0,10
-650,410,0,0,10
-630,410,0,0,10
-610,410,0,0,10
-590,410,0,0,10
-570,410,0,0,10
-550,410,0,0,10
-530,410,0,0,10
-510,410,0,0,10
-490,410,0,0,10
-470,410,0,0,10
-450,410,0,0,0
-430,410,0,0,0
-410,410,0,0,0
-390,410,0,0,0
-370,410,0,0,0
-350,410,0,0,0
-330,410,0,0,0
-310,410,0,0,0
-290,410,0,0,0
-270,410,0,0,0
-250,410,0,0,0
-230,410,0,0,0
-210,410,0,0,0
-190,410,0,0,0
-170,410,0,0,0
-150,410,0,0,0
-130,410,0,0,0
-110,410,0,0,0
-90,410,0,0,0
-70,410,0,0,0
-50,410,0,0,10
-30,410,0,0,0
-10,410,0,0,0
10,410,0,0,0
30,410,0,0,0
50,410,0,0,10
70,410,0,0,0
90,410,0,0,0
110,410,0,0,0
130,410,0,0,0
150,410,0,0,0
170,410,0,0,0
190,410,0,0,0
210,410,0,0,0
230,410,0,0,0
250,410,0,0,0
270,410,0,0,0
290,410,0,0,0
310,410,0,0,0
330,410,0,0,0
350,410,0,0,0
370,410,0,0,0
390,410,0,0,0
410,410,0,0,0
430,410,0,0,0
450,410,0,0,10
470,410,0,0,10
490,410,0,0,10
510,410,0,0,10
530,410,0,0,10
550,410,0,0,10
570,410,0,0,10
590,410,0,0,10
610,410,0,0,10
630,410,0,0,10
650,410,0,0,10
670,410,0,0,10
690,410,0,0,10
710,410,0,0,10
730,410,0,0,10
750,410,0,0,10
770,410,0,0,10
790,410,0,0,10
-790,430,0,0,10
-770,430,0,0,10
-750,430,0,0,10
-730,430,0,0,10
-710,430,0,0,10
-690,430,0,0,10
-670,430,0,0,10
-650,430,0,0,10
-630,430,0,0,10
-610,430,0,0,10
-590,430,0,0,10
-570,430,0,0,10
-550,430,0,0,10
-530,430,0,0,10
-510,430,0,0,10
-490,430,0,0,10
-470,430,0,0,10
-450,430,0,0,10
-430,430,0,0,0
-410,430,0,0,0
-390,430,0,0,0
-370,430,0,0,0
-350,430,0,0,0
-330,430,0,0,0
-310,430,0,0,0
-290,430,0,0,0
-270,430,0,0,0
-250,430,0,0,0
-230,430,0,0,0
-210,430,0,0,0
-190,430,0,0,0
-170,430,0,0,0
-150,430,0,0,0
-130,430,0,0,0
-110,430,0,0,0
-90,430,0,0,0
-70,430,0,0,0
-50,430,0,0,0
-30,430,0,0,10
-10,430,0,0,0
10,430,0,0,0
30,430,0,0,0
50,430,0,0,0
70,430,0,0,10
90,430,0,0,0
110,430,0,0,0
130,430,0,0,0
150,430,0,0,0
170,430,0,0,0
190,430,0,0,0
210,430,0,0,0
230,430,0,0,0
250,430,0,0,0
270,430,0,0,0
290,430,0,0,0
310,430,0,0,0
330,430,0,0,0
350,430,0,0,0
370,430,0,0,0
390,430,0,0,0
410,430,0,0,0
430,430,0,0,10
450,430,0,0,10
470,430,0,0,10
490,430,0,0,10
510,430,0,0,10
530,430,0,0,10
550,430,0,0,10
570,430,0,0,10
590,430,0,0,10
610,430,0,0,10
630,430,0,0,10
650,430,0,0,10
670,430,0,0,10
690,430,0,0,10
710,430,0,0,10
730,430,0,0,10
750,430,0,0,10
770,430,0,0,10
790,430,0,0,10
-790,450,0,0,10
-770,450,0,0,10
-750,450,0,0,10
-730,450,0,0,10
-710,450,0,0,10
-690,450,0,0,10
-670,450,0,0,10
-650,450,0,0,10
-630,450,0,0,10
-610,450,0,0,10
-590,450,0,0,10
-570,450,0,0,10
-550,450,0,0,10
-530,450,0,0,10
-510,450,0,0,10
-490,450,0,0,10
-470,450,0,0,10
-450,450,0,0,10
-430,450,0,0,10
-410,450,0,0,10
-390,450,0,0,0
-370,450,0,0,0
-350,450,0,0,0
-330,450,0,0,0
-310,450,0,0,0
-290,450,0,0,0
-270,450,0,0,0
-250,450,0,0,0
-230,450,0,0,0
-210,450,0,0,0
-190,450,0,0,0
-170,450,0,0,0
-150,450,0,0,0
-130,450,0,0,0
-110,450,0,0,0
-90,450,0,0,0
-70,450,0,0,0
-50,450,0,0,0
-30,450,0,0,10
-10,450,0,0,10
10,450,0,0,0
30,450,0,0,0
50,450,0,0,10
70,450,0,0,10
90,450,0,0,10
110,450,0,0,10
130,450,0,0,0
150,450,0,0,10
170,450,0,0,0
190,450,0,0,0
210,450,0,0,10
230,450,0,0,0
250,450,0,0,0
270,450,0,0,0
290,450,0,0,0
310,450,0,0,0
330,450,0,0,0
350,450,0,0,0
370,450,0,0,0
390,450,0,0,0
410,450,0,0,10
430,450,0,0,10
450,450,0,0,10
470,450,0,0,10
490,450,0,0,10
510,450,0,0,10
530,450,0,0,10
550,450,0,0,10
570,450,0,0,10
590,450,0,0,10
610,450,0,0,10
630,450,0,0,10
650,450,0,0,10
670,450,0,0,10
690,450,0,0,10
710,450,0,0,10
730,450,0,0,10
750,450,0,0,10
770,450,0,0,10
790,450,0,0,10
-790,470,0,0,10
-770,470,0,0,10
-750,470,0,0,10
-730,470,0,0,10
-710,470,0,0,10
-690,470,0,0,10
-670,470,0,0,10
-650,470,0,0,10
-630,470,0,0,10
-610,470,0,0,10
-590,470,0,0,10
-570,470,0,0,10
-550,470,0,0,10
-530,470,0,0,10
-510,470,0,0,10
-490,470,0,0,10
-470,470,0,0,10
-450,470,0,0,10
-430,470,0,0,10
-410,470,0,0,10
-390,470,0,0,10
-370,470,0,0,0
-350,470,0,0,0
-330,470,0,0,0
-310,470,0,0,0
-290,470,0,0,0
-270,470,0,0,0
-250,470,0,0,0
-230,470,0,0,0
-210,470,0,0,0
-190,470,0,0,0
-170,470,0,0,0
-150,470,0,0,0
-130,470,0,0,0
-110,470,0,0,0
-90,470,0,0,0
-70,470,0,0,0
-50,470,0,0,0
-30,470,0,0,10
-10,470,0,0,10
10,470,0,0,10
30,470,0,0,10
50,470,0,0,10
70,470,0,0,10
90,470,0,0,10
110,470,0,0,0
130,470,0,0,0
150,470,0,0,0
170,470,0,0,0
190,470,0,0,0
210,470,0,0,0
230,470,0,0,0
250,470,0,0,0
270,470,0,0,0
290,470,0,0,0
310,470,0,0,0
330,470,0,0,0
350,470,0,0,0
370,470,0,0,0
390,470,0,0,10
410,470,0,0,10
430,470,0,0,10
450,470,0,0,10
470,470,0,0,10
490,470,0,0,10
510,470,0,0,10
530,470,0,0,10
550,470,0,0,10
570,470,0,0,10
590,470,0,0,10
610,470,0,0,10
630,470,0,0,10
650,470,0,0,10
670,470,0,0,10
690,470,0,0,10
710,470,0,0,10
730,470,0,0,10
750,470,0,0,10
770,470,0,0,10
790,470,0,0,10
-790,490,0,0,10
-770,490,0,0,10
-750,490,0,0,10
-730,490,0,0,10
-710,490,0,0,10
-690,490,0,0,10
-670,490,0,0,10
-650,490,0,0,10
-630,490,0,0,10
-610,490,0,0,10
-590,490,0,0,10
-570,490,0,0,10
-550,490,0,0,10
-530,490,0,0,10
-510,490,0,0,10
-490,490,0,0,10
-470,490,0,0,10
-450,490,0,0,10
-430,490,0,0,10
-410,490,0,0,10
-390,490,0,0,10
-370,490,0,0,10
-350,490,0,0,0
-330,490,0,0,0
-310,490,0,0,0
-290,490,0,0,0
-270,490,0,0,0
-250,490,0,0,0
-230,490,0,0,0
-210,490,0,0,0
-190,490,0,0,0
-170,490,0,0,0
-150,490,0,0,0
-130,490,0,0,0
-110,490,0,0,0
-90,490,0,0,0
-70,490,0,0,0
-50,490,0,0,0
-30,490,0,0,10
-10,490,0,0,0
10,490,0,0,0
30,490,0,0,10
50,490,0,0,10
70,490,0,0,0
90,490,0,0,0
110,490,0,0,0
130,490,0,0,0
150,490,0,0,0
170,490,0,0,0
190,490,0,0,0
210,490,0,0,0
230,490,0,0,0
250,490,0,0,0
270,490,0,0,0
290,490,0,0,0
310,490,0,0,0
330,490,0,0,0
350,490,0,0,10
370,490,0,0,10
390,490,0,0,10
410,490,0,0,10
430,490,0,0,10
450,490,0,0,10
470,490,0,0,10
490,490,0,0,10
510,490,0,0,10
530,490,0,0,10
550,490,0,0,10
570,490,0,0,10
590,490,0,0,10
610,490,0,0,10
630,490,0,0,10
650,490,0,0,10
670,490,0,0,10
690,490,0,0,10
710,490,0,0,10
730,490,0,0,10
750,490,0,0,10
770,490,0,0,10
790,490,0,0,10
-790,510,0,0,10
-770,510,0,0,10
-750,510,0,0,10
-730,510,0,0,10
-710,510,0,0,10
-690,510,0,0,10
-670,510,0,0,10
-650,510,0,0,10
-630,510,0,0,10
-610,510,0,0,10
-590,510,0,0,10
-570,510,0,0,10
-550,510,0,0,10
-530,510,0,0,10
-510,510,0,0,10
-490,510,0,0,10
-470,510,0,0,10
-450,510,0,0,10
-430,510,0,0,10
-410,510,0,0,10
-390,510,0,0,10
-370,510,0,0,10
-350,510,0,0,10
-330,510,0,0,10
-310,510,0,0,0
-290,510,0,0,0
-270,510,0,0,0
-250,510,0,0,0
-230,510,0,0,0
-210,510,0,0,0
-190,510,0,0,0
-170,510,0,0,0
-150,510,0,0,0
-130,510,0,0,0
-110,510,0,0,0
-90,510,0,0,0
-70,510,0,0,0
-50,510,0,0,0
-30,510,0,0,0
-10,510,0,0,0
10,510,0,0,0
30,510,0,0,0
50,510,0,0,0
70,510,0,0,0
90,510,0,0,0
110,510,0,0,0
130,510,0,0,0
150,510,0,0,0
170,510,0,0,0
190,510,0,0,0
210,510,0,0,0
230,510,0,0,0
250,510,0,0,0
270,510,0,0,0
290,510,0,0,0
310,510,0,0,0
330,510,0,0,10
350,510,0,0,10
370,510,0,0,10
390,510,0,0,10
410,510,0,0,10
430,510,0,0,10
450,510,0,0,10
470,510,0,0,10
490,510,0,0,10
510,510,0,0,10
530,510,0,0,10
550,510,0,0,10
570,510,0,0,10
590,510,0,0,10
610,510,0,0,10
630,510,0,0,10
650,510,0,0,10
670,510,0,0,10
690,510,0,0,10
710,510,0,0,10
730,510,0,0,10
750,510,0,0,10
770,510,0,0,10
790,510,0,0,10
-790,530,0,0,10
-770,530,0,0,10
-750,530,0,0,10
-730,530,0,0,10
-710,530,0,0,10
-690,530,0,0,10
-670,530,0,0,10
-650,530,0,0,10
-630,530,0,0,10
-610,530,0,0,10
-590,530,0,0,10
-570,530,0,0,10
-550,530,0,0,10
-530,530,0,0,10
-510,530,0,0,10
-490,530,0,0,10
-470,530,0,0,10
-450,530,0,0,10
-430,530,0,0,10
-410,530,0,0,10
-390,530,0,0,10
-370,530,0,0,10
-350,530,0,0,10
-330,530,0,0,10
-310,530,0,0,10
-290,530,0,0,0
-270,530,0,0,0
-250,530,0,0,0
-230,530,0,0,0
-210,530,0,0,0
-190,530,0,0,0
-170,530,0,0,0
-150,530,0,0,0
-130,530,0,0,0
-110,530,0,0,0
-90,530,0,0,0
-70,530,0,0,0
-50,530,0,0,0
-30,530,0,0,0
-10,530,0,0,0
10,530,0,0,0
30,530,0,0,0
50,530,0,0,0
70,530,0,0,0
90,530,0,0,0
110,530,0,0,0
130,530,0,0,0
150,530,0,0,0
170,530,0,0,0
190,530,0,0,0
210,530,0,0,0
230,530,0,0,0
250,530,0,0,0
270,530,0,0,0
290,530,0,0,10
310,530,0,0,10
330,530,0,0,10
350,530,0,0,10
370,530,0,0,10
390,530,0,0,10
410,530,0,0,10
430,530,0,0,10
450,530,0,0,10
470,530,0,0,10
490,530,0,0,10
510,530,0,0,10
530,530,0,0,10
550,530,0,0,10
570,530,0,0,10
590,530,0,0,10
610,530,0,0,10
630,530,0,0,10
650,530,0,0,10
670,530,0,0,10
690,530,0,0,10
710,530,0,0,10
730,530,0,0,10
750,530,0,0,10
770,530,0,0,10
790,530,0,0,10
-790,550,0,0,10
-770,550,0,0,10
-750,550,0,0,10
-730,550,0,0,10
-710,550,0,0,10
-690,550,0,0,10
-670,550,0,0,10
-650,550,0,0,10
-630,550,0,0,10
-610,550,0,0,10
-590,550,0,0,10
-570,550,0,0,10
-550,550,0,0,10
-530,550,0,0,10
-510,550,0,0,10
-490,550,0,0,10
-470,550,0,0,10
-450,550,0,0,10
-430,550,0,0,10
-410,550,0,0,10
-390,550,0,0,10
-370,550,0,0,10
-350,550,0,0,10
-330,550,0,0,10
-310,550,0,0,10
-290,550,0,0,10
-270,550,0,0,10
-250,550,0,0,10
-230,550,0,0,0
-210,550,0,0,0
-190,550,0,0,0
-170,550,0,0,0
-150,550,0,0,0
-130,550,0,0,0
-110,550,0,0,0
-90,550,0,0,0
-70,550,0,0,0
-50,550,0,0,0
-30,550,0,0,0
-10,550,0,0,0
10,550,0,0,0
30,550,0,0,0
50,550,0,0,0
70,550,0,0,0
90,550,0,0,0
110,550,0,0,0
130,550,0,0,0
150,550,0,0,0
170,550,0,0,0
190,550,0,0,0
210,550,0,0,0
230,550,0,0,0
250,550,0,0,10
270,550,0,0,10
290,550,0,0,10
310,550,0,0,10
330,550,0,0,10
350,550,0,0,10
370,550,0,0,10
390,550,0,0,10
410,550,0,0,10
430,550,0,0,10
450,550,0,0,10
470,550,0,0,10
490,550,0,0,10
510,550,0,0,10
530,550,0,0,10
550,550,0,0,10
570,550,0,0,10
590,550,0,0,10
610,550,0,0,10
630,550,0,0,10
650,550,0,0,10
670,550,0,0,10
690,550,0,0,10
710,550,0,0,10
730,550,0,0,10
750,550,0,0,10
770,550,0,0,10
790,550,0,0,10
-790,570,0,0,10
-770,570,0,0,10
-750,570,0,0,10
-730,570,0,0,10
-710,570,0,0,10
-690,570,0,0,10
-670,570,0,0,10
-650,570,0,0,10
-630,570,0,0,10
-610,570,0,0,10
-590,570,0,0,10
-570,570,0,0,10
-550,570,0,0,10
-530,570,0,0,10
-510,570,0,0,10
-490,570,0,0,10
-470,570,0,0,10
-450,570,0,0,10
-430,570,0,0,10
-410,570,0,0,10
-390,570,0,0,10
-370,570,0,0,10
-350,570,0,0,10
-330,570,0,0,10
-310,570,0,0,10
-290,570,0,0,10
-270,570,0,0,10
-250,570,0,0,10
-230,570,0,0,10
-210,570,0,0,10
-190,570,0,0,0
-170,570,0,0,0
-150,570,0,0,0
-130,570,0,0,0
-110,570,0,0,0
-90,570,0,0,0
-70,570,0,0,0
-50,570,0,0,0
-30,570,0,0,0
-10,570,0,0,0
10,570,0,0,0
30,570,0,0,0
50,570,0,0,0
70,570,0,0,0
90,570,0,0,0
110,570,0,0,0
130,570,0,0,0
150,570,0,0,0
170,570,0,0,0
190,570,0,0,10
210,570,0,0,10
230,570,0,0,10
250,570,0,0,10
270,570,0,0,10
290,570,0,0,10
310,570,0,0,10
330,570,0,0,10
350,570,0,0,10
370,570,0,0,10
390,570,0,0,10
410,570,0,0,10
430,570,0,0,10
450,570,0,0,10
470,570,0,0,10
490,570,0,0,10
510,570,0,0,10
530,570,0,0,10
550,570,0,0,10
570,570,0,0,10
590,570,0,0,10
610,570,0,0,10
630,570,0,0,10
650,570,0,0,10
670,570,0,0,10
690,570,0,0,10
710,570,0,0,10
730,570,0,0,10
750,570,0,0,10
770,570,0,0,10
790,570,0,0,10
-790,590,0,0,10
-770,590,0,0,10
-750,590,0,0,10
-730,590,0,0,10
-710,590,0,0,10
-690,590,0,0,10
-670,590,0,0,10
-650,590,0,0,10
-630,590,0,0,10
-610,590,0,0,10
-590,590,0,0,10
-570,590,0,0,10
-550,590,0,0,10
-530,590,0,0,10
-510,590,0,0,10
-490,590,0,0,10
-470,590,0,0,10
-450,590,0,0,10
-430,590,0,0,10
-410,590,0,0,10
-390,590,0,0,10
-370,590,0,0,10
-350,590,0,0,10
-330,590,0,0,10
-310,590,0,0,10
-290,590,0,0,10
-270,590,0,0,10
-250,590,0,0,10
-230,590,0,0,10
-210,590,0,0,10
-190,590,0,0,10
-170,590,0,0,10
-150,590,0,0,10
-130,590,0,0,10
-110,590,0,0,0
-90,590,0,0,0
-70,590,0,0,0
-50,590,0,0,0
-30,590,0,0,0
-10,590,0,0,0
10,590,0,0,0
30,590,0,0,0
50,590,0,0,0
70,590,0,0,0
90,590,0,0,0
110,590,0,0,10
130,590,0,0,10
150,590,0,0,10
170,590,0,0,10
190,590,0,0,10
210,590,0,0,10
230,590,0,0,10
250,590,0,0,10
270,590,0,0,10
290,590,0,0,10
310,590,0,0,10
330,590,0,0,10
350,590,0,0,10
370,590,0,0,10
390,590,0,0,10
410,590,0,0,10
430,590,0,0,10
450,590,0,0,10
470,590,0,0,10
490,590,0,0,10
510,590,0,0,10
530,590,0,0,10
550,590,0,0,10
570,590,0,0,10
590,590,0,0,10
610,590,0,0,10
630,590,0,0,10
650,590,0,0,10
670,590,0,0,10
690,590,0,0,10
710,590,0,0,10
730,590,0,0,10
750,590,0,0,10
770,590,0,0,10
790,590,0,0,10
-790,610,0,0,10
-770,610,0,0,10
-750,610,0,0,10
-730,610,0,0,10
-710,610,0,0,10
-690,610,0,0,10
-670,610,0,0,10
-650,610,0,0,10
-630,610,0,0,10
-610,610,0,0,10
-590,610,0,0,10
-570,610,0,0,10
-550,610,0,0,10
-530,610,0,0,10
-510,610,0,0,10
-490,610,0,0,10
-470,610,0,0,10
-450,610,0,0,10
-430,610,0,0,10
-410,610,0,0,10
-390,610,0,0,10
-370,610,0,0,10
-350,610,0,0,10
-330,610,0,0,10
-310,610,0,0,10
-290,610,0,0,10
-270,610,0,0,10
-250,610,0,0,10
-230,610,0,0,10
-210,610,0,0,10
-190,610,0,0,10
-170,610,0,0,10
-150,610,0,0,10
-130,610,0,0,10
-110,610,0,0,10
-90,610,0,0,10
-70,610,0,0,10
-50,610,0,0,10
-30,610,0,0,10
-10,610,0,0,10
10,610,0,0,10
30,610,0,0,10
50,610,0,0,10
70,610,0,0,10
90,610,0,0,10
110,610,0,0,10
130,610,0,0,10
150,610,0,0,10
170,610,0,0,10
190,610,0,0,10
210,610,0,0,10
230,610,0,0,10
250,610,0,0,10
270,610,0,0,10
290,610,0,0,10
310,610,0,0,10
330,610,0,0,10
350,610,0,0,10
370,610,0,0,10
390,610,0,0,10
410,610,0,0,10
430,610,0,0,10
450,610,0,0,10
470,610,0,0,10
490,610,0,0,10
510,610,0,0,10
530,610,0,0,10
550,610,0,0,10
570,610,0,0,10
590,610,0,0,10
610,610,0,0,10
630,610,0,0,10
650,610,0,0,10
670,610,0,0,10
690,610,0,0,10
710,610,0,0,10
730,610,0,0,10
750,610,0,0,10
770,610,0,0,10
790,610,0,0,10
-790,630,0,0,10
-770,630,0,0,10
-750,630,0,0,10
-730,630,0,0,10
-710,630,0,0,10
-690,630,0,0,10
-670,630,0,0,10
-650,630,0,0,10
-630,630,0,0,10
-610,630,0,0,10
-590,630,0,0,10
-570,630,0,0,10
-550,630,0,0,10
-530,630,0,0,10
-510,630,0,0,10
-490,630,0,0,10
-470,630,0,0,10
-450,630,0,0,10
-430,630,0,0,10
-410,630,0,0,10
-390,630,0,0,10
-370,630,0,0,10
-350,630,0,0,10
-330,630,0,0,10
-310,630,0,0,10
-290,630,0,0,10
-270,630,0,0,10
-250,630,0,0,10
-230,630,0,0,10
-210,630,0,0,10
-190,630,0,0,10
-170,630,0,0,10
-150,630,0,0,10
-130,630,0,0,10
-110,630,0,0,10
-90,630,0,0,10
-70,630,0,0,10
-50,630,0,0,10
-30,630,0,0,10
-10,630,0,0,10
10,630,0,0,10
30,630,0,0,10
50,630,0,0,10
70,630,0,0,10
90,630,0,0,10
110,630,0,0,10
130,630,0,0,10
150,630,0,0,10
170,630,0,0,10
190,630,0,0,10
210,630,0,0,10
230,630,0,0,10
250,630,0,0,10
270,630,0,0,10
290,630,0,0,10
310,630,0,0,10
330,630,0,0,10
350,630,0,0,10
370,630,0,0,10
390,630,0,0,10
410,630,0,0,10
430,630,0,0,10
450,630,0,0,10
470,630,0,0,10
490,630,0,0,10
510,630,0,0,10
530,630,0,0,10
550,630,0,0,10
570,630,0,0,10
590,630,0,0,10
610,630,0,0,10
630,630,0,0,10
650,630,0,0,10
670,630,0,0,10
690,630,0,0,10
710,630,0,0,10
730,630,0,0,10
750,630,0,0,10
770,630,0,0,10
790,630,0,0,10
-790,650,0,0,10
-770,650,0,0,10
-750,650,0,0,10
-730,650,0,0,10
-710,650,0,0,10
-690,650,0,0,10
-670,650,0,0,10
-650,650,0,0,10
-630,650,0,0,10
-610,650,0,0,10
-590,650,0,0,10
-570,650,0,0,10
-550,650,0,0,10
-530,650,0,0,10
-510,650,0,0,10
-490,650,0,0,10
-470,650,0,0,10
-450,650,0,0,10
-430,650,0,0,10
-410,650,0,0,10
-390,650,0,0,10
-370,650,0,0,10
-350,650,0,0,10
-330,650,0,0,10
-310,650,0,0,10
-290,650,0,0,10
-270,650,0,0,10
-250,650,0,0,10
-230,650,0,0,10
-210,650,0,0,10
-190,650,0,0,10
-170,650,0,0,10
-150,650,0,0,10
-130,650,0,0,10
-110,650,0,0,10
-90,650,0,0,10
-70,650,0,0,10
-50,650,0,0,10
-30,650,0,0,10
-10,650,0,0,10
10,650,0,0,10
30,650,0,0,10
50,650,0,0,10
70,650,0,0,10
90,650,0,0,10
110,650,0,0,10
130,650,0,0,10
150,650,0,0,10
170,650,0,0,10
190,650,0,0,10
210,650,0,0,10
230,650,0,0,10
250,650,0,0,10
270,650,0,0,10
290,650,0,0,10
310,650,0,0,10
330,650,0,0,10
350,650,0,0,10
370,650,0,0,10
390,650,0,0,10
410,650,0,0,10
430,650,0,0,10
450,650,0,0,10
470,650,0,0,10
490,650,0,0,10
510,650,0,0,10
530,650,0,0,10
550,650,0,0,10
570,650,0,0,10
590,650,0,0,10
610,650,0,0,10
630,650,0,0,10
650,650,0,0,10
670,650,0,0,10
690,650,0,0,10
710,650,0,0,10
730,650,0,0,10
750,650,0,0,10
770,650,0,0,10
790,650,0,0,10
-790,670,0,0,10
-770,670,0,0,10
-750,670,0,0,10
-730,670,0,0,10
-710,670,0,0,10
-690,670,0,0,10
-670,670,0,0,10
-650,670,0,0,10
-630,670,0,0,10
-610,670,0,0,10
-590,670,0,0,10
-570,670,0,0,10
-550,670,0,0,10
-530,670,0,0,10
-510,670,0,0,10
-490,670,0,0,10
-470,670,0,0,10
-450,670,0,0,10
-430,670,0,0,10
-410,670,0,0,10
-390,670,0,0,10
-370,670,0,0,10
-350,670,0,0,10
-330,670,0,0,10
-310,670,0,0,10
-290,670,0,0,10
-270,670,0,0,10
-250,670,0,0,10
-230,670,0,0,10
-210,670,0,0,10
-190,670,0,0,10
-170,670,0,0,10
-150,670,0,0,10
-130,670,0,0,10
-110,670,0,0,10
-90,670,0,0,10
-70,670,0,0,10
-50,670,0,0,10
-30,670,0,0,10
-10,670,0,0,10
10,670,0,0,10
30,670,0,0,10
50,670,0,0,10
70,670,0,0,10
90,670,0,0,10
110,670,0,0,10
130,670,0,0,10
150,670,0,0,10
170,670,0,0,10
190,670,0,0,10
210,670,0,0,10
230,670,0,0,10
250,670,0,0,10
270,670,0,0,10
290,670,0,0,10
310,670,0,0,10
330,670,0,0,10
350,670,0,0,10
370,670,0,0,10
390,670,0,0,10
410,670,0,0,10
430,670,0,0,10
450,670,0,0,10
470,670,0,0,10
490,670,0,0,10
510,670,0,0,10
530,670,0,0,10
550,670,0,0,10
570,670,0,0,10
590,670,0,0,10
610,670,0,0,10
630,670,0,0,10
650,670,0,0,10
670,670,0,0,10
690,670,0,0,10
710,670,0,0,10
730,670,0,0,10
750,670,0,0,10
770,670,0,0,10
790,670,0,0,10
-790,690,0,0,10
-770,690,0,0,10
-750,690,0,0,10
-730,690,0,0,10
-710,690,0,0,10
-690,690,0,0,10
-670,690,0,0,10
-650,690,0,0,10
-630,690,0,0,10
-610,690,0,0,10
-590,690,0,0,10
-570,690,0,0,10
-550,690,0,0,10
-530,690,0,0,10
-510,690,0,0,10
-490,690,0,0,10
-470,690,0,0,10
-450,690,0,0,10
-430,690,0,0,10
-410,690,0,0,10
-390,690,0,0,10
-370,690,0,0,10
-350,690,0,0,10
-330,690,0,0,10
-310,690,0,0,10
-290,690,0,0,10
-270,690,0,0,10
-250,690,0,0,10
-230,690,0,0,10
-210,690,0,0,10
-190,690,0,0,10
-170,690,0,0,10
-150,690,0,0,10
-130,690,0,0,10
-110,690,0,0,10
-90,690,0,0,10
-70,690,0,0,10
-50,690,0,0,10
-30,690,0,0,10
-10,690,0,0,10
10,690,0,0,10
30,690,0,0,10
50,690,0,0,10
70,690,0,0,10
90,690,0,0,10
110,690,0,0,10
130,690,0,0,10
150,690,0,0,10
170,690,0,0,10
190,690,0,0,10
210,690,0,0,10
230,690,0,0,10
250,690,0,0,10
270,690,0,0,10
290,690,0,0,10
310,690,0,0,10
330,690,0,0,10
350,690,0,0,10
370,690,0,0,10
390,690,0,0,10
410,690,0,0,10
430,690,0,0,10
450,690,0,0,10
470,690,0,0,10
490,690,0,0,10
510,690,0,0,10
530,690,0,0,10
550,690,0,0,10
570,690,0,0,10
590,690,0,0,10
610,690,0,0,10
630,690,0,0,10
650,690,0,0,10
670,690,0,0,10
690,690,0,0,10
710,690,0,0,10
730,690,0,0,10
750,690,0,0,10
770,690,0,0,10
790,690,0,0,10
-790,710,0,0,10
-770,710,0,0,10
-750,710,0,0,10
-730,710,0,0,10
-710,710,0,0,10
-690,710,0,0,10
-670,710,0,0,10
-650,710,0,0,10
-630,710,0,0,10
-610,710,0,0,10
-590,710,0,0,10
-570,710,0,0,10
-550,710,0,0,10
-530,710,0,0,10
-510,710,0,0,10
-490,710,0,0,10
-470,710,0,0,10
-450,710,0,0,10
-430,710,0,0,10
-410,710,0,0,10
-390,710,0,0,10
-370,710,0,0,10
-350,710,0,0,10
-330,710,0,0,10
-310,710,0,0,10
-290,710,0,0,10
-270,710,0,0,10
-250,710,0,0,10
-230,710,0,0,10
-210,710,0,0,10
-190,710,0,0,10
-170,710,0,0,10
-150,710,0,0,10
-130,710,0,0,10
-110,710,0,0,10
-90,710,0,0,10
-70,710,0,0,10
-50,710,0,0,10
-30,710,0,0,10
-10,710,0,0,10
10,710,0,0,10
30,710,0,0,10
50,710,0,0,10
70,710,0,0,10
90,710,0,0,10
110,710,0,0,10
130,710,0,0,10
150,710,0,0,10
170,710,0,0,10
190,710,0,0,10
210,710,0,0,10
230,710,0,0,10
250,710,0,0,10
270,710,0,0,10
290,710,0,0,10
310,710,0,0,10
330,710,0,0,10
350,710,0,0,10
370,710,0,0,10
390,710,0,0,10
410,710,0,0,10
430,710,0,0,10
450,710,0,0,10
470,710,0,0,10
490,710,0,0,10
510,710,0,0,10
530,710,0,0,10
550,710,0,0,10
570,710,0,0,10
590,710,0,0,10
610,710,0,0,10
630,710,0,0,10
650,710,0,0,10
670,710,0,0,10
690,710,0,0,10
710,710,0,0,10
730,710,0,0,10
750,710,0,0,10
770,710,0,0,10
790,710,0,0,10
-790,730,0,0,10
-770,730,0,0,10
-750,730,0,0,10
-730,730,0,0,10
-710,730,0,0,10
-690,730,0,0,10
-670,730,0,0,10
-650,730,0,0,10
-630,730,0,0,10
-610,730,0,0,10
-590,730,0,0,10
-570,730,0,0,10
-550,730,0,0,10
-530,730,0,0,10
-510,730,0,0,10
-490,730,0,0,10
-470,730,0,0,10
-450,730,0,0,10
-430,730,0,0,10
-410,730,0,0,10
-390,730,0,0,10
-370,730,0,0,10
-350,730,0,0,10
-330,730,0,0,10
-310,730,0,0,10
-290,730,0,0,10
-270,730,0,0,10
-250,730,0,0,10
-230,730,0,0,10
-210,730,0,0,10
-190,730,0,0,10
-170,730,0,0,10
-150,730,0,0,10
-130,730,0,0,10
-110,730,0,0,10
-90,730,0,0,10
-70,730,0,0,10
-50,730,0,0,10
-30,730,0,0,10
-10,730,0,0,10
10,730,0,0,10
30,730,0,0,10
50,730,0,0,10
70,730,0,0,10
90,730,0,0,10
110,730,0,0,10
130,730,0,0,10
150,730,0,0,10
170,730,0,0,10
190,730,0,0,10
210,730,0,0,10
230,730,0,0,10
250,730,0,0,10
270,730,0,0,10
290,730,0,0,10
310,730,0,0,10
330,730,0,0,10
350,730,0,0,10
370,730,0,0,10
390,730,0,0,10
410,730,0,0,10
430,730,0,0,10
450,730,0,0,10
470,730,0,0,10
490,730,0,0,10
510,730,0,0,10
530,730,0,0,10
550,730,0,0,10
570,730,0,0,10
590,730,0,0,10
610,730,0,0,10
630,730,0,0,10
650,730,0,0,10
670,730,0,0,10
690,730,0,0,10
710,730,0,0,10
730,730,0,0,10
750,730,0,0,10
770,730,0,0,10
790,730,0,0,10
-790,750,0,0,10
-770,750,0,0,10
-750,750,0,0,10
-730,750,0,0,10
-710,750,0,0,10
-690,750,0,0,10
-670,750,0,0,10
-650,750,0,0,10
-630,750,0,0,10
-610,750,0,0,10
-590,750,0,0,10
-570,750,0,0,10
-550,750,0,0,10
-530,750,0,0,10
-510,750,0,0,10
-490,750,0,0,10
-470,750,0,0,10
-450,750,0,0,10
-430,750,0,0,10
-410,750,0,0,10
-390,750,0,0,10
-370,750,0,0,10
-350,750,0,0,10
-330,750,0,0,10
-310,750,0,0,10
-290,750,0,0,10
-270,750,0,0,10
-250,750,0,0,10
-230,750,0,0,10
-210,750,0,0,10
-190,750,0,0,10
-170,750,0,0,10
-150,750,0,0,10
-130,750,0,0,10
-110,750,0,0,10
-90,750,0,0,10
-70,750,0,0,10
-50,750,0,0,10
-30,750,0,0,10
-10,750,0,0,10
10,750,0,0,10
30,750,0,0,10
50,750,0,0,10
70,750,0,0,10
90,750,0,0,10
110,750,0,0,10
130,750,0,0,10
150,750,0,0,10
170,750,0,0,10
190,750,0,0,10
210,750,0,0,10
230,750,0,0,10
250,750,0,0,10
270,750,0,0,10
290,750,0,0,10
310,750,0,0,10
330,750,0,0,10
350,750,0,0,10
370,750,0,0,10
390,750,0,0,10
410,750,0,0,10
430,750,0,0,10
450,750,0,0,10
470,750,0,0,10
490,750,0,0,10
510,750,0,0,10
530,750,0,0,10
550,750,0,0,10
570,750,0,0,10
590,750,0,0,10
610,750,0,0,10
630,750,0,0,10
650,750,0,0,10
670,750,0,0,10
690,750,0,0,10
710,750,0,0,10
730,750,0,0,10
750,750,0,0,10
770,750,0,0,10
790,750,0,0,10
-790,770,0,0,10
-770,770,0,0,10
-750,770,0,0,10
-730,770,0,0,10
-710,770,0,0,10
-690,770,0,0,10
-670,770,0,0,10
-650,770,0,0,10
-630,770,0,0,10
-610,770,0,0,10
-590,770,0,0,10
-570,770,0,0,10
-550,770,0,0,10
-530,770,0,0,10
-510,770,0,0,10
-490,770,0,0,10
-470,770,0,0,10
-450,770,0,0,10
-430,770,0,0,10
-410,770,0,0,10
-390,770,0,0,10
-370,770,0,0,10
-350,770,0,0,10
-330,770,0,0,10
-310,770,0,0,10
-290,770,0,0,10
-270,770,0,0,10
-250,770,0,0,10
-230,770,0,0,10
-210,770,0,0,10
-190,770,0,0,10
-170,770,0,0,10
-150,770,0,0,10
-130,770,0,0,10
-110,770,0,0,10
-90,770,0,0,10
-70,770,0,0,10
-50,770,0,0,10
-30,770,0,0,10
-10,770,0,0,10
10,770,0,0,10
30,770,0,0,10
50,770,0,0,10
70,770,0,0,10
90,770,0,0,10
110,770,0,0,10
130,770,0,0,10
150,770,0,0,10
170,770,0,0,10
190,770,0,0,10
210,770,0,0,10
230,770,0,0,10
250,770,0,0,10
270,770,0,0,10
290,770,0,0,10
310,770,0,0,10
330,770,0,0,10
350,770,0,0,10
370,770,0,0,10
390,770,0,0,10
410,770,0,0,10
430,770,0,0,10
450,770,0,0,10
470,770,0,0,10
490,770,0,0,10
510,770,0,0,10
530,770,0,0,10
550,770,0,0,10
570,770,0,0,10
590,770,0,0,10
610,770,0,0,10
630,770,0,0,10
650,770,0,0,10
670,770,0,0,10
690,770,0,0,10
710,770,0,0,10
730,770,0,0,10
750,770,0,0,10
770,770,0,0,10
790,770,0,0,10
-790,790,0,0,10
-770,790,0,0,10
-750,790,0,0,10
-730,790,0,0,10
-710,790,0,0,10
-690,790,0,0,10
-670,790,0,0,10
-650,790,0,0,10
-630,790,0,0,10
-610,790,0,0,10
-590,790,0,0,10
-570,790,0,0,10
-550,790,0,0,10
-530,790,0,0,10
-510,790,0,0,10
-490,790,0,0,10
-470,790,0,0,10
-450,790,0,0,10
-430,790,0,0,10
-410,790,0,0,10
-390,790,0,0,10
-370,790,0,0,10
-350,790,0,0,10
-330,790,0,0,10
-310,790,0,0,10
-290,790,0,0,10
-270,790,0,0,10
-250,790,0,0,10
-230,790,0,0,10
-210,790,0,0,10
-190,790,0,0,10
-170,790,0,0,10
-150,790,0,0,10
-130,790,0,0,10
-110,790,0,0,10
-90,790,0,0,10
-70,790,0,0,10
-50,790,0,0,10
-30,790,0,0,10
-10,790,0,0,10
10,790,0,0,10
30,790,0,0,10
50,790,0,0,10
70,790,0,0,10
90,790,0,0,10
110,790,0,0,10
130,790,0,0,10
150,790,0,0,10
170,790,0,0,10
190,790,0,0,10
210,790,0,0,10
230,790,0,0,10
250,790,0,0,10
270,790,0,0,10
290,790,0,0,10
310,790,0,0,10
330,790,0,0,10
350,790,0,0,10
370,790,0,0,10
390,790,0,0,10
410,790,0,0,10
430,790,0,0,10
450,790,0,0,10
470,790,0,0,10
490,790,0,0,10
510,790,0,0,10
530,790,0,0,10
550,790,0,0,10
570,790,0,0,10
590,790,0,0,10
610,790,0,0,10
630,790,0,0,10
650,790,0,0,10
670,790,0,0,10
690,790,0,0,10
710,790,0,0,10
730,790,0,0,10
750,790,0,0,10
770,790,0,0,10
790,790,0,0,10
