x,y,z,type
184.39982971540604,47.70345478738932,0.0,PD-L1lo_tumor
159.54240098132507,52.502151908347095,0.0,PD-L1lo_tumor
-163.23506354865646,-117.24916116236437,0.0,PD-L1lo_tumor
-40.8779981066612,75.60581267098465,0.0,PD-L1lo_tumor
192.80271202050437,30.865127359768294,0.0,PD-L1lo_tumor
-179.72082732340488,-27.16725658000435,0.0,PD-L1lo_tumor
37.88820195398344,211.87906209739026,0.0,PD-L1lo_tumor
176.1397338659592,-16.733459137671232,0.0,PD-L1lo_tumor
-139.23990824305534,-136.84338502447216,0.0,PD-L1lo_tumor
146.53017010443168,61.90562916622099,0.0,PD-L1lo_tumor
203.40281133497615,10.934147458491346,0.0,PD-L1lo_tumor
-40.2643429258622,1.5736646918452313,0.0,PD-L1lo_tumor
-104.1576523732454,-192.24120979804874,0.0,PD-L1lo_tumor
-235.81846641447947,-47.93612384699159,0.0,PD-L1lo_tumor
-191.69867134466233,139.4952206618832,0.0,PD-L1lo_tumor
24.039824232757987,52.09332977420673,0.0,PD-L1lo_tumor
6.379609779952315,-14.081655966732844,0.0,PD-L1lo_tumor
-170.84037065188733,199.50790091840602,0.0,PD-L1lo_tumor
-183.48590848318204,-20.95202029902218,0.0,PD-L1lo_tumor
-2.3819570205167686,197.9415899590166,0.0,PD-L1lo_tumor
260.3527594075209,-22.82617972998912,0.0,PD-L1lo_tumor
-231.11643116058818,-20.910749482606157,0.0,PD-L1lo_tumor
-193.8543587736608,99.43340834240713,0.0,PD-L1lo_tumor
-172.35280752393706,168.276559921935,0.0,PD-L1lo_tumor
-231.5531087798132,-145.22274019061223,0.0,PD-L1lo_tumor
97.60363155445461,78.34844061187407,0.0,PD-L1lo_tumor
-94.15948320405113,-150.68662198802696,0.0,PD-L1lo_tumor
190.11718506543758,-41.15754514026686,0.0,PD-L1lo_tumor
37.35797734152119,-236.18730688316208,0.0,PD-L1lo_tumor
28.587080086007973,228.02199259125635,0.0,PD-L1lo_tumor
13.457032285743976,222.6405350828374,0.0,PD-L1lo_tumor
-194.86335477971247,18.565818986903032,0.0,PD-L1lo_tumor
181.84777795846833,-85.9003734745166,0.0,PD-L1lo_tumor
176.61731542719815,-68.1662711015661,0.0,PD-L1lo_tumor
70.71326535738834,-120.71420614781304,0.0,PD-L1lo_tumor
-51.699823555057414,-215.9050751321774,0.0,PD-L1lo_tumor
-172.26968995036077,26.36666027893168,0.0,PD-L1lo_tumor
-215.42720102522824,65.84572617527787,0.0,PD-L1lo_tumor
216.46345182923264,-120.93213684356803,0.0,PD-L1lo_tumor
169.7241392733626,-174.52578789359433,0.0,PD-L1lo_tumor
76.85851328560541,12.404228981197932,0.0,PD-L1lo_tumor
-44.307327013453694,-126.47853879699618,0.0,PD-L1lo_tumor
142.38079605634624,184.19022431794124,0.0,PD-L1lo_tumor
74.78771435491349,17.050760943298958,0.0,PD-L1lo_tumor
42.5426601905287,3.7918847256882215,0.0,PD-L1lo_tumor
56.096942192336215,51.39510250411765,0.0,PD-L1lo_tumor
-6.263513435875445,87.32051160519306,0.0,PD-L1lo_tumor
241.9587651457182,20.592401045479143,0.0,PD-L1lo_tumor
-96.68152743498538,81.16967307167324,0.0,PD-L1lo_tumor
-263.83890506046106,77.12603169914706,0.0,PD-L1lo_tumor
85.01500914380115,-170.65101235095509,0.0,PD-L1lo_tumor
-75.50815687093274,37.77852751613118,0.0,PD-L1lo_tumor
-104.73845734958978,-158.45293757175392,0.0,PD-L1lo_tumor
-109.27404611037257,91.74233256306837,0.0,PD-L1lo_tumor
234.3015706852092,53.50895832638122,0.0,PD-L1lo_tumor
-49.32258357378975,-136.1097664881991,0.0,PD-L1lo_tumor
-80.15128471198702,-68.7092498376721,0.0,PD-L1lo_tumor
-186.4779487256522,-114.81577929147645,0.0,PD-L1lo_tumor
-54.94164674034946,-28.89046652544351,0.0,PD-L1lo_tumor
155.76973507590054,-181.1284236422926,0.0,PD-L1lo_tumor
-180.29507574524752,-12.211636222546527,0.0,PD-L1lo_tumor
-138.07655753851947,24.2141892206377,0.0,PD-L1lo_tumor
-261.57804702823194,-84.47522602844349,0.0,PD-L1lo_tumor
220.59516887607242,-56.06938265552076,0.0,PD-L1lo_tumor
-4.692011377653869,-255.86490239686194,0.0,PD-L1lo_tumor
197.97506244500582,65.8897739196708,0.0,PD-L1lo_tumor
183.8404552554527,-93.01750598453008,0.0,PD-L1lo_tumor
42.00482954709945,230.2221121150312,0.0,PD-L1lo_tumor
148.15037692523276,174.6955103110161,0.0,PD-L1lo_tumor
-118.20094015142803,-107.74583557540821,0.0,PD-L1lo_tumor
74.17419449276865,152.70643572933724,0.0,PD-L1lo_tumor
-114.19576325430262,65.55154304236355,0.0,PD-L1lo_tumor
65.39133695221425,191.29066276517153,0.0,PD-L1lo_tumor
-219.5249090885243,91.45692384184362,0.0,PD-L1lo_tumor
57.7993102422827,73.89439803837057,0.0,PD-L1lo_tumor
28.35976801851363,-66.5961567397377,0.0,PD-L1lo_tumor
-178.86521407256802,5.048400402537815,0.0,PD-L1lo_tumor
195.23468136516829,-163.68127655002678,0.0,PD-L1lo_tumor
39.78546937672165,-47.22455499156954,0.0,PD-L1lo_tumor
157.14463005601363,-58.82689826903652,0.0,PD-L1lo_tumor
-27.602957579552704,-92.6170281826232,0.0,PD-L1lo_tumor
-189.78648766766221,-78.82808749997648,0.0,PD-L1lo_tumor
-200.04116811369002,-24.43606392607227,0.0,PD-L1lo_tumor
148.28279703701273,-12.267061368436107,0.0,PD-L1lo_tumor
4.054113528367201,152.44819708300753,0.0,PD-L1lo_tumor
104.52084384904234,-190.00342001479189,0.0,PD-L1lo_tumor
-126.06865085150534,42.53554166342965,0.0,PD-L1lo_tumor
-58.876162389247185,-6.651533620421045,0.0,PD-L1lo_tumor
43.09091814660011,137.12099544871353,0.0,PD-L1lo_tumor
24.143787020423638,192.71455723304697,0.0,PD-L1lo_tumor
81.10095797819795,-190.59412023738713,0.0,PD-L1lo_tumor
227.96261246422287,4.809994068032316,0.0,PD-L1lo_tumor
-60.37888594177854,-226.83134557814276,0.0,PD-L1lo_tumor
-179.59701424235595,-14.33694350428155,0.0,PD-L1lo_tumor
93.771350436916,-26.598696149419464,0.0,PD-L1lo_tumor
-77.49573538741438,-101.77552117094537,0.0,PD-L1lo_tumor
-96.13134918534178,151.71199211916246,0.0,PD-L1lo_tumor
-141.47993419155983,76.86514246328989,0.0,PD-L1lo_tumor
120.78978299107345,82.26725942475719,0.0,PD-L1lo_tumor
-190.17468323531358,-150.01660613301385,0.0,PD-L1lo_tumor
195.63077055231176,172.6359034460412,0.0,PD-L1lo_tumor
10.18425824670704,240.55509688005108,0.0,PD-L1lo_tumor
167.30478490552363,184.65136695332848,0.0,PD-L1lo_tumor
-8.103457728100235,249.93646403170027,0.0,PD-L1lo_tumor
-41.694333233822945,-56.497120765589045,0.0,PD-L1lo_tumor
-89.53068579200458,257.62751915519624,0.0,PD-L1lo_tumor
14.110916272150567,250.02757713217287,0.0,PD-L1lo_tumor
-28.346105096569374,-32.240002870215086,0.0,PD-L1lo_tumor
-63.321884324631455,-34.82222496531903,0.0,PD-L1lo_tumor
-0.1736415150900827,-229.9877199944783,0.0,PD-L1lo_tumor
68.97031188557811,44.967917423361314,0.0,PD-L1lo_tumor
218.92358960032925,-42.875867117747696,0.0,PD-L1lo_tumor
-98.17613809723296,234.72066418273022,0.0,PD-L1lo_tumor
226.24744983204437,-33.22465324790996,0.0,PD-L1lo_tumor
82.60337308658032,-76.48893211531959,0.0,PD-L1lo_tumor
-62.28387914884868,56.47465981646712,0.0,PD-L1lo_tumor
226.12764535261783,20.664202288993703,0.0,PD-L1lo_tumor
211.61369300756064,43.68434573245968,0.0,PD-L1lo_tumor
107.41256486415283,-11.641376683641168,0.0,PD-L1lo_tumor
175.30756339992928,-76.41376271767349,0.0,PD-L1lo_tumor
-158.743481492023,-83.67765295645715,0.0,PD-L1lo_tumor
-51.5409164190056,-75.95012598038063,0.0,PD-L1lo_tumor
-190.87328068398412,168.4056705362687,0.0,PD-L1lo_tumor
146.10843536620797,60.252784726598236,0.0,PD-L1lo_tumor
-37.795008860594066,163.4561910466605,0.0,PD-L1lo_tumor
59.14399041941531,-237.5629387151832,0.0,PD-L1lo_tumor
-119.46440936321044,44.11959659331603,0.0,PD-L1lo_tumor
-37.45065156977631,-234.09373945780786,0.0,PD-L1lo_tumor
-262.718692766455,44.57428183238036,0.0,PD-L1lo_tumor
-0.1534329497921105,-247.08069775869387,0.0,PD-L1lo_tumor
141.71281581665627,-96.20334452090377,0.0,PD-L1lo_tumor
49.42407549264947,171.64371204584052,0.0,PD-L1lo_tumor
68.48864293276904,-252.14718099979223,0.0,PD-L1lo_tumor
203.97159174246661,175.0496125790051,0.0,PD-L1lo_tumor
-8.891774175565947,-135.44149664687137,0.0,PD-L1lo_tumor
44.00895055016808,27.91709492945936,0.0,PD-L1lo_tumor
155.87969396687518,104.46194250287238,0.0,PD-L1lo_tumor
-40.946865751964964,-161.2594404608317,0.0,PD-L1lo_tumor
-192.81382724880174,136.36933115425387,0.0,PD-L1lo_tumor
-145.6330764991402,45.79751741051983,0.0,PD-L1lo_tumor
-194.1723832904805,-84.78112537167794,0.0,PD-L1lo_tumor
91.38193410123273,6.278379632880175,0.0,PD-L1lo_tumor
144.12004867946393,-7.3491211467753965,0.0,PD-L1lo_tumor
-236.37578012356946,-41.07829938741992,0.0,PD-L1lo_tumor
-19.305949153212477,-156.15990796565228,0.0,PD-L1lo_tumor
-26.174142902894538,130.69891303288637,0.0,PD-L1lo_tumor
112.11421795711915,-108.98574342294467,0.0,PD-L1lo_tumor
116.97365385670142,11.93708830620989,0.0,PD-L1lo_tumor
-237.87779399890343,-48.939937819041695,0.0,PD-L1lo_tumor
-156.45572235880047,-206.13069586466614,0.0,PD-L1lo_tumor
-56.32109367622295,-149.8915961478986,0.0,PD-L1lo_tumor
-110.64836388002894,180.57643427967392,0.0,PD-L1lo_tumor
127.48745445530521,-221.33620186648756,0.0,PD-L1lo_tumor
41.246039495533715,21.248211542065594,0.0,PD-L1lo_tumor
70.01101428227449,-73.93811045157528,0.0,PD-L1lo_tumor
144.32601150908522,151.15659943298613,0.0,PD-L1lo_tumor
31.468347087841224,235.30483431382626,0.0,PD-L1lo_tumor
-5.294158553172505,197.1361022886071,0.0,PD-L1lo_tumor
4.516777002606089,-189.33164291134207,0.0,PD-L1lo_tumor
-235.27778047266276,-63.56857326032246,0.0,PD-L1lo_tumor
53.64044200913832,217.3572368715299,0.0,PD-L1lo_tumor
253.46354393250266,11.797749774899108,0.0,PD-L1lo_tumor
-159.59551343038882,84.99208073693474,0.0,PD-L1lo_tumor
184.20606412410095,6.072210574832584,0.0,PD-L1lo_tumor
3.1424034203855857,81.5893584277635,0.0,PD-L1lo_tumor
-186.49888061748626,72.32835071335386,0.0,PD-L1lo_tumor
-92.83839476638903,130.42223641151077,0.0,PD-L1lo_tumor
-171.36563609179305,-85.16595145765365,0.0,PD-L1lo_tumor
-12.523210841866172,174.56787124841063,0.0,PD-L1lo_tumor
31.70929007573813,81.86554673180677,0.0,PD-L1lo_tumor
22.707502528836386,221.57604038976285,0.0,PD-L1lo_tumor
73.91831788673082,-82.85515392718249,0.0,PD-L1lo_tumor
4.034529574099063,-175.03892460507737,0.0,PD-L1lo_tumor
76.03678240045075,-62.781999001326234,0.0,PD-L1lo_tumor
185.11775486767579,-186.07331433477202,0.0,PD-L1lo_tumor
-25.00257262704743,125.5413174223349,0.0,PD-L1lo_tumor
-74.25843991960849,130.25580894613498,0.0,PD-L1lo_tumor
110.27072193649943,92.4894392908802,0.0,PD-L1lo_tumor
-218.0971847164446,-157.40920463766642,0.0,PD-L1lo_tumor
-147.9170043017092,-99.64641551889505,0.0,PD-L1lo_tumor
142.77526060032284,-61.63250592442423,0.0,PD-L1lo_tumor
-17.37304056251249,-21.588623173373783,0.0,PD-L1lo_tumor
113.53629606067736,-15.071350965866106,0.0,PD-L1lo_tumor
-88.288826800623,-41.59874722130537,0.0,PD-L1lo_tumor
17.31638267065001,52.511516410148495,0.0,PD-L1lo_tumor
-60.66339082984038,107.41124039059548,0.0,PD-L1lo_tumor
163.73281165567028,-215.44920029213682,0.0,PD-L1lo_tumor
110.3318245811051,-101.75908645256962,0.0,PD-L1lo_tumor
134.75457840598418,142.0363000783456,0.0,PD-L1lo_tumor
31.044400055158828,-110.23023415747704,0.0,PD-L1lo_tumor
71.89543918369047,-115.00705724169097,0.0,PD-L1lo_tumor
165.0835737907502,3.4105974564078343,0.0,PD-L1lo_tumor
261.4937007761517,14.551718177363899,0.0,PD-L1lo_tumor
-260.957478974538,-25.765060009735876,0.0,PD-L1lo_tumor
-173.88319752307456,-109.21539541718406,0.0,PD-L1lo_tumor
97.90699133595587,245.62622841615072,0.0,PD-L1lo_tumor
-128.00294310471944,102.84758130398149,0.0,PD-L1lo_tumor
-59.92429008808747,169.04001221093893,0.0,PD-L1lo_tumor
-63.28221829568777,42.543426066518066,0.0,PD-L1lo_tumor
-5.049149688545503,67.40171699344043,0.0,PD-L1lo_tumor
-199.48856408424666,85.11732364273206,0.0,PD-L1lo_tumor
124.11298697320665,185.3551375670931,0.0,PD-L1lo_tumor
109.91112557043691,165.64314580784836,0.0,PD-L1lo_tumor
-227.08779281822882,33.04141803110908,0.0,PD-L1lo_tumor
-28.942026835535128,-259.2599053905046,0.0,PD-L1lo_tumor
-246.26588688027414,120.97402269570858,0.0,PD-L1lo_tumor
-103.30261258284555,-195.8090592533794,0.0,PD-L1lo_tumor
8.856291839419123,-216.06302620046029,0.0,PD-L1lo_tumor
-154.62257429755064,31.109439610645857,0.0,PD-L1lo_tumor
-185.94082728853778,21.510974261961053,0.0,PD-L1lo_tumor
-162.9793628383545,23.310407777334643,0.0,PD-L1lo_tumor
-82.97945363544986,102.3773760993872,0.0,PD-L1lo_tumor
-35.350182364654835,126.45883049374204,0.0,PD-L1lo_tumor
-62.30498324265072,33.039410168514195,0.0,PD-L1lo_tumor
-75.72778766196069,-138.16636065276728,0.0,PD-L1lo_tumor
195.96829868291613,-88.18922380743992,0.0,PD-L1lo_tumor
-72.93436316302855,-188.10197401017356,0.0,PD-L1lo_tumor
-158.0972427614249,-101.19876840583703,0.0,PD-L1lo_tumor
93.51606182045832,20.974846883164588,0.0,PD-L1lo_tumor
-215.4079537510797,-152.93288120195294,0.0,PD-L1lo_tumor
-192.34010187423243,-178.03175830875503,0.0,PD-L1lo_tumor
-265.2275809123229,41.000795260160714,0.0,PD-L1lo_tumor
-122.43507372856752,190.69404339427464,0.0,PD-L1lo_tumor
58.30025691391258,256.98027900434164,0.0,PD-L1lo_tumor
-173.4493817776677,144.13492694423323,0.0,PD-L1lo_tumor
-231.73326690583997,103.61433315453623,0.0,PD-L1lo_tumor
219.3372371468532,-138.66234231735115,0.0,PD-L1lo_tumor
-97.86434128506342,-81.45229614140156,0.0,PD-L1lo_tumor
202.03782804716178,-23.476486927207883,0.0,PD-L1lo_tumor
60.6039863095768,124.1716820339027,0.0,PD-L1lo_tumor
-161.50320180697244,-50.27061853173531,0.0,PD-L1lo_tumor
195.1331210727573,14.9504839439324,0.0,PD-L1lo_tumor
-89.91818270440649,51.3214453331349,0.0,PD-L1lo_tumor
-31.45464904728103,-251.10196080876995,0.0,PD-L1lo_tumor
-84.23991548250424,-165.14959557043633,0.0,PD-L1lo_tumor
-179.06762393512784,30.453846626999304,0.0,PD-L1lo_tumor
73.8032625799587,-187.1526367919613,0.0,PD-L1lo_tumor
-163.6109571910535,217.30473545540164,0.0,PD-L1lo_tumor
-141.16619617197125,-225.69301061730474,0.0,PD-L1lo_tumor
-65.04231861757242,-61.05263329291291,0.0,PD-L1lo_tumor
51.861382598718464,21.201455504139556,0.0,PD-L1lo_tumor
18.83063528067712,198.9813162615892,0.0,PD-L1lo_tumor
237.22331937191743,56.820860163540154,0.0,PD-L1lo_tumor
54.137445937869785,152.8797346214151,0.0,PD-L1lo_tumor
133.26957970920412,-140.60841163372433,0.0,PD-L1lo_tumor
58.36635686304903,-19.0662592317538,0.0,PD-L1lo_tumor
119.87137729874784,-227.84568977693496,0.0,PD-L1lo_tumor
-30.27219631047978,-222.76367772781268,0.0,PD-L1lo_tumor
-141.46584816462,158.85677927811045,0.0,PD-L1lo_tumor
203.28777869496525,122.35139636668795,0.0,PD-L1lo_tumor
-185.46673783171653,28.699738674900477,0.0,PD-L1lo_tumor
-148.134868382746,-135.43036641797022,0.0,PD-L1lo_tumor
-92.86301433427984,64.19319293971947,0.0,PD-L1lo_tumor
70.67410101146481,263.4492111486338,0.0,PD-L1lo_tumor
-129.0934820852405,162.01039382517723,0.0,PD-L1lo_tumor
89.3659026110159,-190.92751299473693,0.0,PD-L1lo_tumor
-123.65616150055925,-170.05258931768475,0.0,PD-L1lo_tumor
-131.78895148184947,225.9143423599604,0.0,PD-L1lo_tumor
153.72424346578612,108.03487940424685,0.0,PD-L1lo_tumor
-47.98380313629206,106.74033392801208,0.0,PD-L1lo_tumor
47.81712043884611,-134.64951423950444,0.0,PD-L1lo_tumor
47.99905762796573,-94.38521383374552,0.0,PD-L1lo_tumor
142.7940140308136,-51.152878618829604,0.0,PD-L1lo_tumor
-94.64002509654198,-221.27973782777377,0.0,PD-L1lo_tumor
55.80921544923117,163.7405610997985,0.0,PD-L1lo_tumor
-49.20031516068563,4.146667085144171,0.0,PD-L1lo_tumor
-108.1568506660718,-11.278908544600522,0.0,PD-L1lo_tumor
146.50534857771925,195.8751521757129,0.0,PD-L1lo_tumor
229.65896834854018,-88.67904957933916,0.0,PD-L1lo_tumor
-181.276885243128,-30.755982188561113,0.0,PD-L1lo_tumor
168.19261140419184,158.95362852675746,0.0,PD-L1lo_tumor
131.89179974598716,61.617603066996296,0.0,PD-L1lo_tumor
7.457893107818657,-37.3073740348812,0.0,PD-L1lo_tumor
271.4345768302324,-40.55908795042555,0.0,PD-L1lo_tumor
163.7479467756231,-180.85949492952736,0.0,PD-L1lo_tumor
39.44816372948178,27.996179918533027,0.0,PD-L1lo_tumor
-68.67744967994403,35.606836967949555,0.0,PD-L1lo_tumor
-160.89479432521617,21.82750767046787,0.0,PD-L1lo_tumor
11.931777018928441,47.632126627499375,0.0,PD-L1lo_tumor
-97.4509565775359,189.8703162492467,0.0,PD-L1lo_tumor
18.40578409214716,-273.7157571877351,0.0,PD-L1lo_tumor
-96.02967660008925,153.32303785462875,0.0,PD-L1lo_tumor
160.1324857156953,216.7463084178006,0.0,PD-L1lo_tumor
153.42871239755902,-0.14910213934944988,0.0,PD-L1lo_tumor
-197.48305002079186,121.22082723649842,0.0,PD-L1lo_tumor
140.22697029118615,-151.8610065376473,0.0,PD-L1lo_tumor
-56.1967085124217,-86.96868010708792,0.0,PD-L1lo_tumor
-188.7720223566706,135.44082377837887,0.0,PD-L1lo_tumor
-66.40969948678938,-19.068432812589855,0.0,PD-L1lo_tumor
222.3480617144836,-64.47396481943002,0.0,PD-L1lo_tumor
62.10805710564245,-81.5917577705561,0.0,PD-L1lo_tumor
-167.54388967214513,-176.16099108452687,0.0,PD-L1lo_tumor
-38.30563659743461,-21.272787677181906,0.0,PD-L1lo_tumor
-124.15530125394056,214.15648140469528,0.0,PD-L1lo_tumor
-135.49159079910126,89.08170023669601,0.0,PD-L1lo_tumor
-143.52331990784452,113.14110533160829,0.0,PD-L1lo_tumor
216.1557586609273,-120.64312066704572,0.0,PD-L1lo_tumor
171.03367106052193,-94.82681523622846,0.0,PD-L1lo_tumor
-69.64977869046976,138.62259455363233,0.0,PD-L1lo_tumor
-175.4190396622536,-6.149515328071786,0.0,PD-L1lo_tumor
163.4561943228338,169.39480557518945,0.0,PD-L1lo_tumor
-75.3069919634259,-60.94973835621893,0.0,PD-L1lo_tumor
247.7883157552389,99.46017690892401,0.0,PD-L1lo_tumor
-98.74222768186652,-19.906788905249247,0.0,PD-L1lo_tumor
155.06755553662956,-3.0011929973679647,0.0,PD-L1lo_tumor
81.60832294542263,177.06327050846446,0.0,PD-L1lo_tumor
111.110973222285,-21.82680931910452,0.0,PD-L1lo_tumor
99.6717753133186,51.216663675024165,0.0,PD-L1lo_tumor
194.68179642210202,61.40748112538002,0.0,PD-L1lo_tumor
-9.032773519619562,-251.7397731126246,0.0,PD-L1lo_tumor
-52.419700122780334,-265.77746194317757,0.0,PD-L1lo_tumor
-134.95712072072968,-51.34167373684613,0.0,PD-L1lo_tumor
-78.53611517765134,118.50060597159629,0.0,PD-L1lo_tumor
-248.30508541631397,79.55308222300602,0.0,PD-L1lo_tumor
-249.6628183374287,28.242412627757158,0.0,PD-L1lo_tumor
-195.03326846079742,-109.75898460973134,0.0,PD-L1lo_tumor
176.95307191850554,169.00335938426593,0.0,PD-L1lo_tumor
119.90860539147498,-147.40369390936596,0.0,PD-L1lo_tumor
188.88312244546242,94.85526339992587,0.0,PD-L1lo_tumor
76.86112732578675,241.62001780766258,0.0,PD-L1lo_tumor
-98.21716320929657,-127.12345206814453,0.0,PD-L1lo_tumor
44.42538066257129,-99.0198903851992,0.0,PD-L1lo_tumor
32.12864315215089,-272.47386634606914,0.0,PD-L1lo_tumor
184.23610084353209,22.167440636312495,0.0,PD-L1lo_tumor
236.6968268925074,-24.76481280199936,0.0,PD-L1lo_tumor
-83.55816679320604,157.08089421454582,0.0,PD-L1lo_tumor
222.85396859892256,-0.8203093949473305,0.0,PD-L1lo_tumor
38.023773987030694,-109.80620643465083,0.0,PD-L1lo_tumor
147.1767935979136,-10.019212426135184,0.0,PD-L1lo_tumor
68.11897396501595,49.508464817035886,0.0,PD-L1lo_tumor
107.9299626317028,19.246371964780263,0.0,PD-L1lo_tumor
198.26686498091166,27.26685538973023,0.0,PD-L1lo_tumor
244.5544715648471,67.99501191386518,0.0,PD-L1lo_tumor
-203.60685616902913,180.18042684410682,0.0,PD-L1lo_tumor
-155.97069673182585,38.56318845508082,0.0,PD-L1lo_tumor
-249.7463727061352,-94.16052156140931,0.0,PD-L1lo_tumor
104.88993065879615,-57.33895281558271,0.0,PD-L1lo_tumor
192.24109158396323,162.29759319306257,0.0,PD-L1lo_tumor
-0.8573584812133953,-94.85433363683785,0.0,PD-L1lo_tumor
-138.49943740244973,-79.76784976151981,0.0,PD-L1lo_tumor
-191.88413571222412,-58.69794364420832,0.0,PD-L1lo_tumor
52.44374604469571,-8.978879425247182,0.0,PD-L1lo_tumor
-27.79937635773725,98.59836647694841,0.0,PD-L1lo_tumor
128.84657741047448,78.10955721685384,0.0,PD-L1lo_tumor
93.79794545664343,-105.06053493833392,0.0,PD-L1lo_tumor
80.37385121446898,-182.66016696131183,0.0,PD-L1lo_tumor
-165.15475868538215,-196.3435483714578,0.0,PD-L1lo_tumor
-78.64177908273031,-234.50642871404378,0.0,PD-L1lo_tumor
-79.65292163570483,100.50360459773637,0.0,PD-L1lo_tumor
194.5990364047456,-193.80445665954096,0.0,PD-L1lo_tumor
-7.689094805049079,-229.06136240370827,0.0,PD-L1lo_tumor
192.0539036127848,8.692281874699628,0.0,PD-L1lo_tumor
214.43622332118028,67.48715225403654,0.0,PD-L1lo_tumor
38.10482474302028,-1.3033574136919743,0.0,PD-L1lo_tumor
-105.65921467371156,-40.690085216202824,0.0,PD-L1lo_tumor
-20.08391654126366,188.22291708289592,0.0,PD-L1lo_tumor
-157.3551200679463,4.897481183308268,0.0,PD-L1lo_tumor
-147.72343029583396,196.50225817099673,0.0,PD-L1lo_tumor
-79.2324008638384,-83.05541240623886,0.0,PD-L1lo_tumor
50.08924916952874,159.53545874278984,0.0,PD-L1lo_tumor
234.67021978773897,-35.08480664985993,0.0,PD-L1lo_tumor
234.1275109408987,-89.27076282518705,0.0,PD-L1lo_tumor
263.38402508069623,18.116457443859318,0.0,PD-L1lo_tumor
189.8433786194562,41.46060970344981,0.0,PD-L1lo_tumor
10.68043221712416,-18.38105497930683,0.0,PD-L1lo_tumor
-71.26123474225824,263.37237524568883,0.0,PD-L1lo_tumor
132.05331427712625,5.066175658986723,0.0,PD-L1lo_tumor
17.05516335787826,95.23147928760561,0.0,PD-L1lo_tumor
242.96674147073102,-104.36639538644795,0.0,PD-L1lo_tumor
-8.360954145642529,159.99337383527708,0.0,PD-L1lo_tumor
4.168158504112008,215.3326124000632,0.0,PD-L1lo_tumor
168.95120935468879,-22.37231662327191,0.0,PD-L1lo_tumor
-164.42189094858432,-78.54247020581148,0.0,PD-L1lo_tumor
9.328084356572417,-37.71871778936321,0.0,PD-L1lo_tumor
-46.40970653469915,134.12311766671306,0.0,PD-L1lo_tumor
-136.63887436505044,-106.83660788550259,0.0,PD-L1lo_tumor
-41.2725801610901,219.45019832027756,0.0,PD-L1lo_tumor
78.00354427866137,-89.01745336767904,0.0,PD-L1lo_tumor
-60.23158131835296,-118.10923184718021,0.0,PD-L1lo_tumor
33.15404880179609,-182.05668107111367,0.0,PD-L1lo_tumor
158.84343793594635,155.6570937751031,0.0,PD-L1lo_tumor
-98.2781806951825,-138.42535660146686,0.0,PD-L1lo_tumor
-182.49263519308712,16.853048870782875,0.0,PD-L1lo_tumor
25.334891799523827,250.87783166181615,0.0,PD-L1lo_tumor
63.47071539126873,-24.68674775209314,0.0,PD-L1lo_tumor
164.40922731229122,157.1709783568608,0.0,PD-L1lo_tumor
70.07719874762127,14.598925917890565,0.0,PD-L1lo_tumor
-251.782988446654,-32.42037966951781,0.0,PD-L1lo_tumor
-125.60246109955531,-176.11902624415475,0.0,PD-L1lo_tumor
87.03330679751159,176.87455218391167,0.0,PD-L1lo_tumor
166.72858099475246,217.33221821003818,0.0,PD-L1lo_tumor
24.21636119881005,-146.31125647135303,0.0,PD-L1lo_tumor
99.15864037742602,-212.4107961689295,0.0,PD-L1lo_tumor
-158.0164748899261,128.02581492699477,0.0,PD-L1lo_tumor
-50.63840648855531,-156.34642203500064,0.0,PD-L1lo_tumor
94.18211934049218,257.4806977375589,0.0,PD-L1lo_tumor
156.21612741188693,-55.285474289994816,0.0,PD-L1lo_tumor
16.531091635425838,-226.40079976780436,0.0,PD-L1lo_tumor
-119.74565736129644,-89.28365494174776,0.0,PD-L1lo_tumor
-25.989963620469478,-9.940928603564403,0.0,PD-L1lo_tumor
-95.34442889851515,-126.26004148464642,0.0,PD-L1lo_tumor
213.6144338873411,133.58447742125387,0.0,PD-L1lo_tumor
-107.11630349251257,240.9153942809167,0.0,PD-L1lo_tumor
-204.19347544563826,-136.86705169491557,0.0,PD-L1lo_tumor
-162.56445852898455,197.14530713052088,0.0,PD-L1lo_tumor
103.66548691961074,-202.99239602787253,0.0,PD-L1lo_tumor
240.75131533137028,68.01180574946203,0.0,PD-L1lo_tumor
186.62774457430334,73.18709718105657,0.0,PD-L1lo_tumor
-8.11530875880904,-272.0752945067518,0.0,PD-L1lo_tumor
53.16402516693574,-56.99523945465974,0.0,PD-L1lo_tumor
124.3215068251249,145.5689267446179,0.0,PD-L1lo_tumor
230.1718752395499,-99.39244241182647,0.0,PD-L1lo_tumor
133.17266518578293,-195.07372730322717,0.0,PD-L1lo_tumor
44.06518326917303,-230.1677857514483,0.0,PD-L1lo_tumor
77.37829286802693,-29.133362744386652,0.0,PD-L1lo_tumor
226.28939082032988,-72.58759262434307,0.0,PD-L1lo_tumor
-175.04507679373566,1.3914517483069486,0.0,PD-L1lo_tumor
162.21061421420498,0.08560628711746457,0.0,PD-L1lo_tumor
-237.85201782439637,-64.70927885973471,0.0,PD-L1lo_tumor
65.40415098509101,-217.4406308173257,0.0,PD-L1lo_tumor
-235.9336704684201,106.71973259742384,0.0,PD-L1lo_tumor
87.96313447217804,146.52637609000791,0.0,PD-L1lo_tumor
-175.5272973785341,161.69466273841746,0.0,PD-L1lo_tumor
-64.56649111022385,-7.796235728087774,0.0,PD-L1lo_tumor
47.186734843649404,-263.03837941103257,0.0,PD-L1lo_tumor
-51.93745743242317,109.88007470313393,0.0,PD-L1lo_tumor
67.77800348783785,102.03833675741957,0.0,PD-L1lo_tumor
-175.2069545102319,-200.25395928522144,0.0,PD-L1lo_tumor
-101.21035608626286,83.68549510028933,0.0,PD-L1lo_tumor
187.53308980617152,-36.42327892047712,0.0,PD-L1lo_tumor
191.63334316121396,155.57185944609722,0.0,PD-L1lo_tumor
-264.22538986795144,23.8591709972972,0.0,PD-L1lo_tumor
265.77286390864623,1.2798604286763096,0.0,PD-L1lo_tumor
-154.19445461515633,-74.2095423102625,0.0,PD-L1lo_tumor
195.43026642501513,37.28735044564641,0.0,PD-L1lo_tumor
-59.07824306792755,-75.33038396425583,0.0,PD-L1lo_tumor
-244.50063330254656,-40.086650811239366,0.0,PD-L1lo_tumor
-82.87361545342,-1.3437939800758656,0.0,PD-L1lo_tumor
167.93206041944632,67.78809359167532,0.0,PD-L1lo_tumor
22.93788680142723,7.842719916213659,0.0,PD-L1lo_tumor
-88.0040679697443,-177.96245979357204,0.0,PD-L1lo_tumor
-188.2050447327886,11.534056550339795,0.0,PD-L1lo_tumor
-124.84176029702013,182.1024639001914,0.0,PD-L1lo_tumor
-240.97845302473516,-118.13001971429844,0.0,PD-L1lo_tumor
-148.38839929509507,-106.09034355153527,0.0,PD-L1lo_tumor
51.16705734273446,-195.4150126671843,0.0,PD-L1lo_tumor
-215.14195305572693,108.83255095043059,0.0,PD-L1lo_tumor
75.80094556448108,-259.6776775519669,0.0,PD-L1lo_tumor
-254.70859800038656,11.402155772000867,0.0,PD-L1lo_tumor
-120.93803579140084,124.74980271349376,0.0,PD-L1lo_tumor
199.3752737733656,-15.658538737319464,0.0,PD-L1lo_tumor
103.60382110331447,99.94528068692642,0.0,PD-L1lo_tumor
-117.01360979151106,86.13210059638743,0.0,PD-L1lo_tumor
167.69782422341268,147.1825037618063,0.0,PD-L1lo_tumor
-52.71791247720314,-61.244420492798774,0.0,PD-L1lo_tumor
-155.6767401336479,139.29815052783377,0.0,PD-L1lo_tumor
-205.61963978994973,-112.88764789340287,0.0,PD-L1lo_tumor
160.35485564675403,42.59801777261993,0.0,PD-L1lo_tumor
-210.36655506033105,-86.52277997692559,0.0,PD-L1lo_tumor
-69.8557812139494,132.97521650467263,0.0,PD-L1lo_tumor
-171.85114623016207,-152.8606117337581,0.0,PD-L1lo_tumor
181.64207750620469,25.7313941034291,0.0,PD-L1lo_tumor
87.0495886450262,-236.9153337751609,0.0,PD-L1lo_tumor
105.17759120395105,-47.04877072519368,0.0,PD-L1lo_tumor
-117.75030562460556,-25.52717918590723,0.0,PD-L1lo_tumor
98.04991573970798,101.61695396483078,0.0,PD-L1lo_tumor
148.1596285613004,-129.09471802344103,0.0,PD-L1lo_tumor
155.74218877873534,5.419371733204184,0.0,PD-L1lo_tumor
-198.18311618883084,-12.194544446644912,0.0,PD-L1lo_tumor
184.11391530992995,161.3473526904913,0.0,PD-L1lo_tumor
-23.610188714863284,-128.50045613663767,0.0,PD-L1lo_tumor
-25.948719084569234,68.50956743590955,0.0,PD-L1lo_tumor
140.85942699075764,196.56806236085166,0.0,PD-L1lo_tumor
-270.618248439757,1.3037936848980551,0.0,PD-L1lo_tumor
19.703033144357757,203.5024649747716,0.0,PD-L1lo_tumor
25.93695708152979,-143.59069747848673,0.0,PD-L1lo_tumor
-196.43963349709819,74.6092989736414,0.0,PD-L1lo_tumor
187.69286461822074,172.11178660025504,0.0,PD-L1lo_tumor
-219.4050688233154,100.47079649608811,0.0,PD-L1lo_tumor
46.66315647801514,259.1053896829708,0.0,PD-L1lo_tumor
-240.85294700950308,-4.494925663820697,0.0,PD-L1lo_tumor
78.8435394926382,-78.5312476688056,0.0,PD-L1lo_tumor
101.44994558536548,-145.28008208322927,0.0,PD-L1lo_tumor
63.624233457762266,26.369064382543147,0.0,PD-L1lo_tumor
-205.8377394026798,-66.34938862453158,0.0,PD-L1lo_tumor
115.78043385452862,42.272530394098006,0.0,PD-L1lo_tumor
16.331019850137075,141.72359997958262,0.0,PD-L1lo_tumor
-97.53239604651326,12.459715645932743,0.0,PD-L1lo_tumor
67.42667672826003,-80.18623591116723,0.0,PD-L1lo_tumor
54.18628956370636,-197.0327360466951,0.0,PD-L1lo_tumor
14.385472659438548,11.22306949763616,0.0,PD-L1lo_tumor
87.80276542179759,68.0001159143394,0.0,PD-L1lo_tumor
163.88834254656976,-208.22763613800552,0.0,PD-L1lo_tumor
248.53186231206672,107.74990074320236,0.0,PD-L1lo_tumor
235.8294003842622,28.786382683523346,0.0,PD-L1lo_tumor
53.190673923013804,-218.35490385418902,0.0,PD-L1lo_tumor
75.23689790103059,87.86004375562622,0.0,PD-L1lo_tumor
-153.33715453221856,-156.32664403282539,0.0,PD-L1lo_tumor
-218.4910967680256,-111.64498041886974,0.0,PD-L1lo_tumor
-66.06361740612905,165.3968201115264,0.0,PD-L1lo_tumor
237.12699007809235,-40.70244223177198,0.0,PD-L1lo_tumor
-105.21697527860313,28.545663358492092,0.0,PD-L1lo_tumor
-188.8717223629681,20.464698700239005,0.0,PD-L1lo_tumor
52.96770921029916,-55.35660434405847,0.0,PD-L1lo_tumor
11.877543970116266,151.31413127004288,0.0,PD-L1lo_tumor
92.21802132559297,181.16715289305392,0.0,PD-L1lo_tumor
230.40025488792256,-42.00274540286622,0.0,PD-L1lo_tumor
-22.3522132980701,222.8251717075995,0.0,PD-L1lo_tumor
157.92899138791503,-202.66635948357015,0.0,PD-L1lo_tumor
-102.22838125275133,-6.13391215571615,0.0,PD-L1lo_tumor
-85.29641420932607,-231.85016880704327,0.0,PD-L1lo_tumor
115.70982463000612,-89.76265978771973,0.0,PD-L1lo_tumor
-229.5684902792218,-95.75581984568434,0.0,PD-L1lo_tumor
-42.08761673066023,267.0270684342625,0.0,PD-L1lo_tumor
158.13187439309564,77.082123517922,0.0,PD-L1lo_tumor
-55.92958558627014,-87.82921044336913,0.0,PD-L1lo_tumor
118.11063331143956,-70.35755370610003,0.0,PD-L1lo_tumor
59.61834912428716,45.51736170239641,0.0,PD-L1lo_tumor
-74.41660013936541,196.15685395669587,0.0,PD-L1lo_tumor
-49.00411913151808,-12.057358539430378,0.0,PD-L1lo_tumor
-18.11733398631211,17.56131344091397,0.0,PD-L1lo_tumor
234.9129745552299,58.00359519469271,0.0,PD-L1lo_tumor
106.9389291602336,-239.4598663289312,0.0,PD-L1lo_tumor
-21.6841835789888,-132.73413917222527,0.0,PD-L1lo_tumor
-0.5944155226938498,101.28381416205542,0.0,PD-L1lo_tumor
210.31275316338315,120.94555890344128,0.0,PD-L1lo_tumor
-102.3016190569967,-71.21677668513033,0.0,PD-L1lo_tumor
22.63154523832635,216.382149998321,0.0,PD-L1lo_tumor
-43.31483873278398,82.51043545259323,0.0,PD-L1lo_tumor
63.48032890171859,-163.91032649055992,0.0,PD-L1lo_tumor
-229.8588527628502,36.59752782040754,0.0,PD-L1lo_tumor
-85.09784858764819,88.34169826031444,0.0,PD-L1lo_tumor
-65.2300655287967,143.6376748175429,0.0,PD-L1lo_tumor
-85.17945683325571,5.551193285365581,0.0,PD-L1lo_tumor
140.155199777131,-61.42604078182898,0.0,PD-L1lo_tumor
7.158946153498454,159.39591688451873,0.0,PD-L1lo_tumor
-140.25961040998988,-165.76697260195914,0.0,PD-L1lo_tumor
69.36534044045948,56.748643824927534,0.0,PD-L1lo_tumor
105.8430264811472,-4.157032830385133,0.0,PD-L1lo_tumor
-117.87258051166697,168.06187401508294,0.0,PD-L1lo_tumor
16.630023441639608,-186.7273760459547,0.0,PD-L1lo_tumor
78.34645080486565,-133.90636881678645,0.0,PD-L1lo_tumor
-41.907393437179216,-196.89019637216018,0.0,PD-L1lo_tumor
-82.8233317378246,202.347056592722,0.0,PD-L1lo_tumor
175.89643367485732,79.36018538537435,0.0,PD-L1lo_tumor
-156.10543821113765,-6.701247776255135,0.0,PD-L1lo_tumor
-165.43101925263844,-195.01639248122518,0.0,PD-L1lo_tumor
34.44787689006611,-114.16011055549754,0.0,PD-L1lo_tumor
9.54259649148192,117.18069187277045,0.0,PD-L1lo_tumor
-67.77437122473486,127.39207320469812,0.0,PD-L1lo_tumor
197.0753140544047,71.20956203612977,0.0,PD-L1lo_tumor
239.47509005603462,52.91595415606127,0.0,PD-L1lo_tumor
-175.8186657502079,-146.43284784560078,0.0,PD-L1lo_tumor
79.85157680454276,155.42994574661185,0.0,PD-L1lo_tumor
226.91145207796237,-40.21045718219093,0.0,PD-L1lo_tumor
262.0065317222653,83.25372156689022,0.0,PD-L1lo_tumor
234.34266854476073,74.26105451943204,0.0,PD-L1lo_tumor
46.144984011769374,56.53408100054677,0.0,PD-L1lo_tumor
-27.718105263119615,-7.622902558662733,0.0,PD-L1lo_tumor
132.41956519569672,-46.85580806908279,0.0,PD-L1lo_tumor
129.49345783870208,71.41557225467206,0.0,PD-L1lo_tumor
204.44203542425421,14.577688899986583,0.0,PD-L1lo_tumor
-263.5665563457448,73.69024735456138,0.0,PD-L1lo_tumor
-67.07782109035462,46.61927698441169,0.0,PD-L1lo_tumor
61.55728491067336,79.15168285254234,0.0,PD-L1lo_tumor
-86.12844644132005,-74.60326465555639,0.0,PD-L1lo_tumor
37.22155882029158,-136.4161706386803,0.0,PD-L1lo_tumor
213.03462341261542,-126.4411771204924,0.0,PD-L1lo_tumor
-30.09514896478228,-161.25638241506957,0.0,PD-L1lo_tumor
181.04294923833444,-83.92591083094612,0.0,PD-L1lo_tumor
134.35191553238712,-121.40953449500607,0.0,PD-L1lo_tumor
111.9701766645165,73.9653069043282,0.0,PD-L1lo_tumor
-220.846099597672,-15.421662641542024,0.0,PD-L1lo_tumor
49.48380134813079,-208.78478363000988,0.0,PD-L1lo_tumor
38.88128718881549,-62.67273803901784,0.0,PD-L1lo_tumor
137.6570400131722,-210.4397594876637,0.0,PD-L1lo_tumor
-89.50339017204874,106.06237452954171,0.0,PD-L1lo_tumor
160.45291266077345,-218.0432792482844,0.0,PD-L1lo_tumor
-136.7222044023905,-124.7666849238029,0.0,PD-L1lo_tumor
186.9113102585845,-142.82857488482486,0.0,PD-L1lo_tumor
-97.98072290689993,240.3384531069619,0.0,PD-L1lo_tumor
55.802853626883,-178.40904571097647,0.0,PD-L1lo_tumor
20.21996491417898,249.80134159801835,0.0,PD-L1lo_tumor
-36.52310155696316,125.37762714950614,0.0,PD-L1lo_tumor
-62.86576265922033,58.72080700826077,0.0,PD-L1lo_tumor
176.5744383385357,92.52023739335354,0.0,PD-L1lo_tumor
-195.9132784525093,31.76549648929891,0.0,PD-L1lo_tumor
-48.82143157603355,-146.36736383038885,0.0,PD-L1lo_tumor
-145.2274548192083,-223.56764742192266,0.0,PD-L1lo_tumor
-114.07616221264922,227.27003087773298,0.0,PD-L1lo_tumor
133.2203583056882,108.63297858560883,0.0,PD-L1lo_tumor
-97.79384069321763,102.95467098090002,0.0,PD-L1lo_tumor
132.98365737606395,57.62241109565742,0.0,PD-L1lo_tumor
-256.47282161259454,93.74035992928572,0.0,PD-L1lo_tumor
-211.23801950823497,85.26905541625266,0.0,PD-L1lo_tumor
50.28534943077906,-199.3867604026156,0.0,PD-L1lo_tumor
-35.87403040891268,58.28560541867787,0.0,PD-L1lo_tumor
-130.38818193723083,75.83382724907224,0.0,PD-L1lo_tumor
163.65037751826847,-122.34745567654181,0.0,PD-L1lo_tumor
86.70085470925717,-103.90341833777055,0.0,PD-L1lo_tumor
203.34451812443228,173.75316075172174,0.0,PD-L1lo_tumor
-95.07539093046753,-96.65608885465738,0.0,PD-L1lo_tumor
-178.41302765716586,40.88268120172639,0.0,PD-L1lo_tumor
10.033134081066658,-127.84306595703325,0.0,PD-L1lo_tumor
-201.49230990152827,166.6652590750834,0.0,PD-L1lo_tumor
-48.660249669186214,59.497042520610975,0.0,PD-L1lo_tumor
-73.89482061161658,93.43564422439522,0.0,PD-L1lo_tumor
-52.138655610631716,118.74407044453517,0.0,PD-L1lo_tumor
99.79514108737436,236.85274680345654,0.0,PD-L1lo_tumor
186.33484855175084,-42.2643474545622,0.0,PD-L1lo_tumor
141.78797226168427,-78.86569787698339,0.0,PD-L1lo_tumor
154.107908881221,165.7258936903877,0.0,PD-L1lo_tumor
-132.24852386604152,-175.78010662605823,0.0,PD-L1lo_tumor
-162.12500850414418,-150.7056069080336,0.0,PD-L1lo_tumor
170.14590351008266,94.50640969633923,0.0,PD-L1lo_tumor
-173.23782832346834,-175.32101925077626,0.0,PD-L1lo_tumor
175.9653039936946,191.6949775697107,0.0,PD-L1lo_tumor
223.09246327519293,-86.62735647209963,0.0,PD-L1lo_tumor
153.195962033341,121.64883406991103,0.0,PD-L1lo_tumor
104.9223578151289,-160.21740255436973,0.0,PD-L1lo_tumor
132.70784036432678,198.6849892123554,0.0,PD-L1lo_tumor
-213.93973772920288,115.1645194741218,0.0,PD-L1lo_tumor
-45.68057107039445,-262.3418075316031,0.0,PD-L1lo_tumor
4.26545566004414,-79.61678822994644,0.0,PD-L1lo_tumor
103.74716492421109,-245.66212783588603,0.0,PD-L1lo_tumor
126.13042102314033,-191.11189805832797,0.0,PD-L1lo_tumor
85.85143250210983,28.694303453448185,0.0,PD-L1lo_tumor
-56.72693938884639,-236.25860040755464,0.0,PD-L1lo_tumor
109.80022466826887,-103.4872132909816,0.0,PD-L1lo_tumor
37.73958859400868,257.9568715040485,0.0,PD-L1lo_tumor
-57.43532717049017,-245.94073550776218,0.0,PD-L1lo_tumor
-40.18860929282037,-114.5484330060865,0.0,PD-L1lo_tumor
144.16451587500708,9.737533422108147,0.0,PD-L1lo_tumor
-171.0726353862618,20.01626130643668,0.0,PD-L1lo_tumor
-79.08354925548802,37.6027380432031,0.0,PD-L1lo_tumor
-182.2669400879576,172.9786514387108,0.0,PD-L1lo_tumor
27.848931303562363,-259.647534492046,0.0,PD-L1lo_tumor
-57.694374312085074,169.96322610778537,0.0,PD-L1lo_tumor
119.05919467189602,19.87486338646415,0.0,PD-L1lo_tumor
86.55790742302145,139.2004801145477,0.0,PD-L1lo_tumor
212.21568442627284,98.73529907037626,0.0,PD-L1lo_tumor
-57.61581632638007,-118.54987943426325,0.0,PD-L1lo_tumor
203.46303075648345,153.10589472611656,0.0,PD-L1lo_tumor
-45.03718288027809,-242.6148857382785,0.0,PD-L1lo_tumor
90.08568909098328,169.30524684819335,0.0,PD-L1lo_tumor
-92.64980831659703,-118.39614937508847,0.0,PD-L1lo_tumor
-167.30813805337735,194.616344081874,0.0,PD-L1lo_tumor
-205.5645364829087,55.91780887739732,0.0,PD-L1lo_tumor
194.0841080493067,157.91141761603464,0.0,PD-L1lo_tumor
129.3530054246577,-7.596189640974601,0.0,PD-L1lo_tumor
-152.0649577568306,-180.88770399762524,0.0,PD-L1lo_tumor
72.57468433436328,-75.88203016901116,0.0,PD-L1lo_tumor
103.01356811588514,-24.71352433556901,0.0,PD-L1lo_tumor
-197.79224686717902,-38.38626259889219,0.0,PD-L1lo_tumor
95.246382327082,-109.09429902775835,0.0,PD-L1lo_tumor
2.093022273881671,94.02778231175171,0.0,PD-L1lo_tumor
111.0029821004785,16.560083770961846,0.0,PD-L1lo_tumor
-38.18465597609247,-204.95470960006156,0.0,PD-L1lo_tumor
-209.94426499177925,34.47620704451623,0.0,PD-L1lo_tumor
67.27302316076931,18.576619627742602,0.0,PD-L1lo_tumor
121.57730059703582,-85.74649528484036,0.0,PD-L1lo_tumor
-75.53151818723899,25.761937432272152,0.0,PD-L1lo_tumor
-147.71882477682368,-45.42559835018828,0.0,PD-L1lo_tumor
92.23670386446773,21.593510098952805,0.0,PD-L1lo_tumor
-145.3951554545397,198.5758561739366,0.0,PD-L1lo_tumor
-164.74989604064115,-125.93627113986594,0.0,PD-L1lo_tumor
92.76459040442634,200.00248779424265,0.0,PD-L1lo_tumor
-173.32170886277592,212.12104851531194,0.0,PD-L1lo_tumor
-57.38916587088399,67.52367978405493,0.0,PD-L1lo_tumor
52.4308572889754,163.75330417796178,0.0,PD-L1lo_tumor
67.19599562081363,-35.84135625617281,0.0,PD-L1lo_tumor
-144.0859374917308,-45.716101361005734,0.0,PD-L1lo_tumor
-149.36583499284654,-83.36726825461868,0.0,PD-L1lo_tumor
84.23783865324661,-205.22169670954497,0.0,PD-L1lo_tumor
69.52613718653987,-129.74854570929915,0.0,PD-L1lo_tumor
-60.221772646485746,-130.89632354191855,0.0,PD-L1lo_tumor
-82.80160900976908,-241.86576483066546,0.0,PD-L1lo_tumor
-143.0538731601502,-207.83517191400784,0.0,PD-L1lo_tumor
-228.23826127211208,-58.82694982893003,0.0,PD-L1lo_tumor
-130.18294207907167,-193.08579875098414,0.0,PD-L1lo_tumor
-161.4405805314171,-51.42667739416679,0.0,PD-L1lo_tumor
101.31297622254844,116.28429552843278,0.0,PD-L1lo_tumor
-160.44720725870042,92.45162997888187,0.0,PD-L1lo_tumor
168.38943167254126,-92.93102700345105,0.0,PD-L1lo_tumor
232.85115909981496,-36.39941657052697,0.0,PD-L1lo_tumor
-7.836239918803057,-8.377766020957726,0.0,PD-L1lo_tumor
-45.820512404319956,-217.80478753046168,0.0,PD-L1lo_tumor
-52.19795595856618,54.49521965616593,0.0,PD-L1lo_tumor
13.381680225440473,-140.86360763477865,0.0,PD-L1lo_tumor
-262.58228193013645,31.59144801176491,0.0,PD-L1lo_tumor
-240.40844270899987,-5.7868051824209825,0.0,PD-L1lo_tumor
-65.62276941530534,-142.1634395307517,0.0,PD-L1lo_tumor
-1.8991074926185636,30.623547907989483,0.0,PD-L1lo_tumor
-94.74877589679195,32.34858478706415,0.0,PD-L1lo_tumor
-253.97906301464857,-44.95522854076839,0.0,PD-L1lo_tumor
-8.92173334993315,19.6001294821175,0.0,PD-L1lo_tumor
-101.15306363478855,229.83769830106928,0.0,PD-L1lo_tumor
163.21615147445718,-67.22887700143099,0.0,PD-L1lo_tumor
258.6836057201756,-0.30074531562241963,0.0,PD-L1lo_tumor
-236.73162312218116,-92.9060339274834,0.0,PD-L1lo_tumor
4.406886621177429,-36.70097278196967,0.0,PD-L1lo_tumor
111.98672867544573,-128.8126527086335,0.0,PD-L1lo_tumor
-136.2513998365804,121.81881716686557,0.0,PD-L1lo_tumor
181.3286739881543,80.25935460289467,0.0,PD-L1lo_tumor
226.48172106465768,48.700279408714835,0.0,PD-L1lo_tumor
9.579386568101675,116.84181975435796,0.0,PD-L1lo_tumor
-122.87208274876727,239.97037700512624,0.0,PD-L1lo_tumor
-69.62813244042574,-86.21963499229577,0.0,PD-L1lo_tumor
245.5293985411848,-68.21079533215656,0.0,PD-L1lo_tumor
48.129141052615594,26.090056455154606,0.0,PD-L1lo_tumor
202.53222901295933,-137.41420948319148,0.0,PD-L1lo_tumor
-69.61749766670071,-84.31408481603155,0.0,PD-L1lo_tumor
194.98711796656968,13.211657021597563,0.0,PD-L1lo_tumor
-213.91497803971373,8.735045696181057,0.0,PD-L1lo_tumor
-113.33580471176451,-3.393912541767781,0.0,PD-L1lo_tumor
-149.13503992830826,-57.99417158242812,0.0,PD-L1lo_tumor
273.44127640876803,7.503191869333984,0.0,PD-L1lo_tumor
185.49097838480074,149.05266066869805,0.0,PD-L1lo_tumor
-189.3690550666649,-180.14092263866874,0.0,PD-L1lo_tumor
-191.73238200663124,-55.16117346689705,0.0,PD-L1lo_tumor
-1.3173831368206843,226.92434217341616,0.0,PD-L1lo_tumor
190.02558934203478,-75.9919148306177,0.0,PD-L1lo_tumor
-97.32419144950069,74.44270274577038,0.0,PD-L1lo_tumor
210.60365331113863,151.87897431517735,0.0,PD-L1lo_tumor
48.010118856127235,211.48325103646087,0.0,PD-L1lo_tumor
203.11918696581114,117.75780306541314,0.0,PD-L1lo_tumor
228.9067097703022,-66.93093278051914,0.0,PD-L1lo_tumor
-155.9308388057011,-182.91588081554127,0.0,PD-L1lo_tumor
182.49277188034836,13.558299605656194,0.0,PD-L1lo_tumor
56.88456840088141,-125.37706779216151,0.0,PD-L1lo_tumor
153.29077405915595,-12.427055619182307,0.0,PD-L1lo_tumor
-75.55792678644006,-112.22589150607264,0.0,PD-L1lo_tumor
-20.758443975402958,-37.29003498517308,0.0,PD-L1lo_tumor
70.78133114142165,170.78544370214465,0.0,PD-L1lo_tumor
-140.8968953122885,-53.00071441221132,0.0,PD-L1lo_tumor
197.135711515446,153.10234446322855,0.0,PD-L1lo_tumor
164.16746346175267,-156.38022846980837,0.0,PD-L1lo_tumor
-113.18865628013029,198.80015328404468,0.0,PD-L1lo_tumor
230.85640193590683,124.20830553677219,0.0,PD-L1lo_tumor
-48.566733329512076,47.64354682543788,0.0,PD-L1lo_tumor
-128.22698522079725,38.42619051406518,0.0,PD-L1lo_tumor
230.94450724263953,54.92874952584089,0.0,PD-L1lo_tumor
-255.97107215879242,-17.906188148337833,0.0,PD-L1lo_tumor
-3.618213653483223,123.14924080209886,0.0,PD-L1lo_tumor
-233.96896811246253,-13.205651086349352,0.0,PD-L1lo_tumor
-188.19760182386585,-125.71069168730858,0.0,PD-L1lo_tumor
89.46244838154006,65.8850953937783,0.0,PD-L1lo_tumor
173.6675009607917,76.60881799692154,0.0,PD-L1lo_tumor
-215.74287376729012,102.41581984492649,0.0,PD-L1lo_tumor
130.61523256607992,-217.94640426949704,0.0,PD-L1lo_tumor
117.87548842961758,181.78958522442528,0.0,PD-L1lo_tumor
-35.817643755061006,119.31584203988399,0.0,PD-L1lo_tumor
-108.9354407304324,43.21320657620442,0.0,PD-L1lo_tumor
217.45409165712988,-155.88681426152206,0.0,PD-L1lo_tumor
-52.95781579125781,-191.17382956118828,0.0,PD-L1lo_tumor
-197.62424621520552,-140.94320579419215,0.0,PD-L1lo_tumor
38.29244535696347,238.92069888432974,0.0,PD-L1lo_tumor
85.48127493719117,-145.95108998556225,0.0,PD-L1lo_tumor
-219.99281045574122,1.802612150562113,0.0,PD-L1lo_tumor
-99.76033903490695,-131.71221629454305,0.0,PD-L1lo_tumor
-144.9666251303555,-94.8100203207535,0.0,PD-L1lo_tumor
131.48498481538988,228.82865340623013,0.0,PD-L1lo_tumor
56.8578197149945,148.9009942518565,0.0,PD-L1lo_tumor
-129.35806355310888,-43.09497911569538,0.0,PD-L1lo_tumor
-133.8549606457859,29.41083493958905,0.0,PD-L1lo_tumor
208.8855508480577,127.66659042183785,0.0,PD-L1lo_tumor
-26.349471967968178,183.8236303333905,0.0,PD-L1lo_tumor
-110.75079773531775,15.388339358346604,0.0,PD-L1lo_tumor
58.19907590692993,65.60066908431295,0.0,PD-L1lo_tumor
-3.8769400509955334,77.94720343585654,0.0,PD-L1lo_tumor
-22.890971726049028,118.84406376619718,0.0,PD-L1lo_tumor
-156.39316341899666,-61.80535730776172,0.0,PD-L1lo_tumor
224.50659284043977,97.72824081093312,0.0,PD-L1lo_tumor
93.32060033548751,-25.854619888611666,0.0,PD-L1lo_tumor
56.46085334561795,86.60076587492206,0.0,PD-L1lo_tumor
-237.419157406817,23.119584691407802,0.0,PD-L1lo_tumor
-202.88874345263827,-10.618781176836983,0.0,PD-L1lo_tumor
147.69370628143776,198.05186961531834,0.0,PD-L1lo_tumor
-119.0489205293706,180.43783841634618,0.0,PD-L1lo_tumor
-48.211404327961475,-227.69806367134672,0.0,PD-L1lo_tumor
-208.8456547909273,-99.61935333203286,0.0,PD-L1lo_tumor
46.610130544896954,-210.30248856796058,0.0,PD-L1lo_tumor
188.91634397623386,-103.09566413561213,0.0,PD-L1lo_tumor
-149.39081446897305,-182.109414441829,0.0,PD-L1lo_tumor
152.73908510187525,-24.454177298786945,0.0,PD-L1lo_tumor
227.4578520741506,-141.0063510514597,0.0,PD-L1lo_tumor
55.83789169365212,-243.1185469011362,0.0,PD-L1lo_tumor
-28.20133296364032,-213.43417316755213,0.0,PD-L1lo_tumor
117.98412703040033,-154.6721663339126,0.0,PD-L1lo_tumor
-59.92123215466873,89.90057831330914,0.0,PD-L1lo_tumor
-17.42723170506902,-174.80362439992442,0.0,PD-L1lo_tumor
10.355610893210343,-90.34337912166082,0.0,PD-L1lo_tumor
171.65050416888363,-77.0812323548333,0.0,PD-L1lo_tumor
56.999567643617496,-27.444720644875698,0.0,PD-L1lo_tumor
133.86933925452672,37.08735811398973,0.0,PD-L1lo_tumor
-121.43652179661858,-196.14265071239865,0.0,PD-L1lo_tumor
-111.24228170943587,-233.03147463460007,0.0,PD-L1lo_tumor
35.362704851976595,-23.57489250947547,0.0,PD-L1lo_tumor
-98.34411507982819,-175.52764398024024,0.0,PD-L1lo_tumor
169.76936751736696,189.4694651144908,0.0,PD-L1lo_tumor
56.526743025054806,262.23659564308565,0.0,PD-L1lo_tumor
93.78198787074444,-187.9978626021383,0.0,PD-L1lo_tumor
85.71110031434164,243.82625171545675,0.0,PD-L1lo_tumor
-185.44059991830602,-110.08281592605596,0.0,PD-L1lo_tumor
-112.21247021950239,-168.27393182253869,0.0,PD-L1lo_tumor
-11.545280476901828,82.38676236898459,0.0,PD-L1lo_tumor
143.634415316843,42.43255370540505,0.0,PD-L1lo_tumor
19.48071961719155,-199.26604078334535,0.0,PD-L1lo_tumor
-182.74272713926086,-6.384971971370511,0.0,PD-L1lo_tumor
-44.26041185741024,-162.9241660036714,0.0,PD-L1lo_tumor
23.197711404806313,-204.3008757319541,0.0,PD-L1lo_tumor
68.00679324868464,-176.146272888563,0.0,PD-L1lo_tumor
49.5484601274606,-87.00663353417164,0.0,PD-L1lo_tumor
59.19401622911074,62.70622819700553,0.0,PD-L1lo_tumor
4.513385993445854,45.79458040833501,0.0,PD-L1lo_tumor
-77.7264761227943,-257.29164914945403,0.0,PD-L1lo_tumor
0.05692952129735879,53.138640974274935,0.0,PD-L1lo_tumor
-209.02818104395314,165.95397522198348,0.0,PD-L1lo_tumor
-206.68527629724034,103.8644651871628,0.0,PD-L1lo_tumor
234.8669109270863,-65.95900423898793,0.0,PD-L1lo_tumor
-166.61728168169677,58.0643585551194,0.0,PD-L1lo_tumor
-145.99220239885318,-171.49102293405858,0.0,PD-L1lo_tumor
-105.80193450275942,243.59349529179352,0.0,PD-L1lo_tumor
-169.9596000965494,-193.45019029633454,0.0,PD-L1lo_tumor
157.83094977994415,-182.3056436420212,0.0,PD-L1lo_tumor
75.70805428332726,-124.8539879329021,0.0,PD-L1lo_tumor
-125.54948836981447,3.5899306761776795,0.0,PD-L1lo_tumor
101.24763237995778,-54.34579678859731,0.0,PD-L1lo_tumor
119.27622419381024,-10.298562254092575,0.0,PD-L1lo_tumor
119.60907199453756,-92.18896520921673,0.0,PD-L1lo_tumor
104.16026369002486,-24.136989112780395,0.0,PD-L1lo_tumor
-123.83625459398594,10.594325989141653,0.0,PD-L1lo_tumor
-83.49627201242572,-212.60894930861747,0.0,PD-L1lo_tumor
143.57345005343842,-166.31275642278163,0.0,PD-L1lo_tumor
-59.04934995099369,163.78453986438706,0.0,PD-L1lo_tumor
243.19571880394236,58.558258975213725,0.0,PD-L1lo_tumor
112.00412612965184,216.9648943395837,0.0,PD-L1lo_tumor
20.836359491696182,-238.7955603384206,0.0,PD-L1lo_tumor
63.14865499824784,-8.153240772572383,0.0,PD-L1lo_tumor
181.73064955993937,29.5931596457327,0.0,PD-L1lo_tumor
-82.24852013141968,195.61733326360383,0.0,PD-L1lo_tumor
-78.06532237625032,157.3253689247411,0.0,PD-L1lo_tumor
130.6813637701441,86.17671404274053,0.0,PD-L1lo_tumor
-91.53909508988596,-81.38664726035337,0.0,PD-L1lo_tumor
168.52235082074944,16.231525572713863,0.0,PD-L1lo_tumor
194.27546448956892,-176.28038379260343,0.0,PD-L1lo_tumor
-8.94430997455385,42.53980960062434,0.0,PD-L1lo_tumor
-171.57712088538918,33.48595225589474,0.0,PD-L1lo_tumor
174.4756718457026,-138.11486270290564,0.0,PD-L1lo_tumor
-51.126575065242136,-4.013306296267,0.0,PD-L1lo_tumor
84.6506698530001,132.8606948544347,0.0,PD-L1lo_tumor
-69.66803347693572,204.94733309224034,0.0,PD-L1lo_tumor
-149.46844420288565,-78.92475533469306,0.0,PD-L1lo_tumor
-145.2198357600652,152.0047994068091,0.0,PD-L1lo_tumor
15.806576094252407,206.85160866477042,0.0,PD-L1lo_tumor
91.03794089874191,219.24023389077482,0.0,PD-L1lo_tumor
89.14103230718113,-247.81669378207113,0.0,PD-L1lo_tumor
72.24939852759478,-115.596233227684,0.0,PD-L1lo_tumor
27.10947566662631,32.095984513106195,0.0,PD-L1lo_tumor
-186.92045983386737,-19.908186931512937,0.0,PD-L1lo_tumor
75.74646543451885,-135.14518962820026,0.0,PD-L1lo_tumor
1.3541475204614863,261.72896795270293,0.0,PD-L1lo_tumor
-18.666938499294044,-88.83839866960786,0.0,PD-L1lo_tumor
-22.33462952838561,-54.2221726128875,0.0,PD-L1lo_tumor
5.834279013001807,209.67031513552266,0.0,PD-L1lo_tumor
219.1870842273428,-19.067402909710857,0.0,PD-L1lo_tumor
-166.72617336021708,142.14191091983065,0.0,PD-L1lo_tumor
-78.36904619903491,138.92912336933279,0.0,PD-L1lo_tumor
-84.57717914073314,-78.89151085329574,0.0,PD-L1lo_tumor
261.0530397506613,65.27283126956495,0.0,PD-L1lo_tumor
6.883672856617759,-241.26435649072977,0.0,PD-L1lo_tumor
-116.28035976130259,-123.97200004537618,0.0,PD-L1lo_tumor
-7.357656279104744,257.9298189211967,0.0,PD-L1lo_tumor
-0.7365496327502765,20.526967483576886,0.0,PD-L1lo_tumor
245.15403956542954,-45.788337546538386,0.0,PD-L1lo_tumor
127.53473430544652,-235.52012118307988,0.0,PD-L1lo_tumor
-166.31511227118764,111.68904817183845,0.0,PD-L1lo_tumor
151.33290852602565,-102.6735228470087,0.0,PD-L1lo_tumor
-14.365205474854486,1.782618342514574,0.0,PD-L1lo_tumor
218.44402193357138,-22.772404848260923,0.0,PD-L1lo_tumor
37.7442486726444,-116.13027009941342,0.0,PD-L1lo_tumor
-116.03265619639201,236.2396133373437,0.0,PD-L1lo_tumor
102.38398472275011,-172.0393708897627,0.0,PD-L1lo_tumor
22.643469639822392,129.66078894367539,0.0,PD-L1lo_tumor
200.23089104773027,131.77407722386735,0.0,PD-L1lo_tumor
-41.10996071169327,120.77713221393387,0.0,PD-L1lo_tumor
-90.60356854074897,-170.33177675926194,0.0,PD-L1lo_tumor
-120.42569928885258,-211.91843489639942,0.0,PD-L1lo_tumor
132.1322928019572,-182.38085429085876,0.0,PD-L1lo_tumor
-17.828858555669825,229.3582595538639,0.0,PD-L1lo_tumor
-7.865722351703958,118.26427216774604,0.0,PD-L1lo_tumor
254.9064746884115,80.94120707414673,0.0,PD-L1lo_tumor
105.41376956259963,-222.94820531222877,0.0,PD-L1lo_tumor
32.68189462224762,232.3403365665271,0.0,PD-L1lo_tumor
-213.9514584026223,139.8932873253479,0.0,PD-L1lo_tumor
-13.0363362578477,154.45392073949685,0.0,PD-L1lo_tumor
-65.80744159793561,-241.4002287275599,0.0,PD-L1lo_tumor
10.83059500890912,132.9832745050036,0.0,PD-L1lo_tumor
126.81195010853459,154.78195945108726,0.0,PD-L1lo_tumor
78.57699735749925,173.49631269313372,0.0,PD-L1lo_tumor
191.2400077579348,-72.90478575355583,0.0,PD-L1lo_tumor
-63.474450818484314,7.873101133249798,0.0,PD-L1lo_tumor
-59.40099304980887,257.6760014238562,0.0,PD-L1lo_tumor
-43.44742546677359,-115.50473628787917,0.0,PD-L1lo_tumor
13.060273077149295,-254.14135385724924,0.0,PD-L1lo_tumor
93.02230107927376,206.70262190978775,0.0,PD-L1lo_tumor
88.42617190177702,191.02945141297624,0.0,PD-L1lo_tumor
199.89385979299553,71.24970946773888,0.0,PD-L1lo_tumor
-29.216683167946286,33.537041905702544,0.0,PD-L1lo_tumor
-166.82658577106736,122.2792128851865,0.0,PD-L1lo_tumor
-198.19663047834925,20.342348356356016,0.0,PD-L1lo_tumor
-131.0072680015762,192.43646004614143,0.0,PD-L1lo_tumor
-78.8474376839329,-158.47243840661895,0.0,PD-L1lo_tumor
-232.67261535624093,107.33324102382196,0.0,PD-L1lo_tumor
-52.81875540514198,-82.23008825872145,0.0,PD-L1lo_tumor
-14.4365505389909,9.681832718897004,0.0,PD-L1lo_tumor
-43.10805017175167,152.52440799910454,0.0,PD-L1lo_tumor
18.659062771687495,-96.87379977946287,0.0,PD-L1lo_tumor
-210.96675983456672,-47.943249608623454,0.0,PD-L1lo_tumor
67.28257351269113,-206.07377832217085,0.0,PD-L1lo_tumor
169.40465725466825,181.08448312513718,0.0,PD-L1lo_tumor
-255.22038563217666,101.03545382595398,0.0,PD-L1lo_tumor
-199.76111781117564,40.301104698440575,0.0,PD-L1lo_tumor
-197.00798474285168,-138.3834260556488,0.0,PD-L1lo_tumor
-138.62202489821843,-54.08535417251599,0.0,PD-L1lo_tumor
97.44684792724857,197.9486556855757,0.0,PD-L1lo_tumor
55.20455319063918,202.50553044845287,0.0,PD-L1lo_tumor
-76.22579935374814,-211.70298694805416,0.0,PD-L1lo_tumor
232.44723500017952,59.93179928077388,0.0,PD-L1lo_tumor
-186.1688408079571,-138.5839357992586,0.0,PD-L1lo_tumor
-6.015268091880386,242.85737842655567,0.0,PD-L1lo_tumor
110.07109451442439,-2.573439392116725,0.0,PD-L1lo_tumor
21.940839787928546,-195.747673174596,0.0,PD-L1lo_tumor
-207.43871431509004,-148.0255370628987,0.0,PD-L1lo_tumor
-248.15932753596397,-81.42065352403574,0.0,PD-L1lo_tumor
231.28186357779435,-115.0633623408253,0.0,PD-L1lo_tumor
-217.31678860127693,114.96148206116487,0.0,PD-L1lo_tumor
-6.2260406237232715,123.72827224553176,0.0,PD-L1lo_tumor
-154.3734081771392,60.459451543111065,0.0,PD-L1lo_tumor
-7.837473333332801,8.312131777590158,0.0,PD-L1lo_tumor
-5.502103634300149,-199.29941377581952,0.0,PD-L1lo_tumor
39.795785927726605,-151.24498961970497,0.0,PD-L1lo_tumor
-46.313862664690085,-250.16607680174087,0.0,PD-L1lo_tumor
139.17097123043138,107.21702751570831,0.0,PD-L1lo_tumor
-209.4038450361658,148.40594289784661,0.0,PD-L1lo_tumor
-19.416366075221628,188.3495409959318,0.0,PD-L1lo_tumor
-58.63042695415618,-77.86151420834156,0.0,PD-L1lo_tumor
30.895798576769735,-151.87910534951368,0.0,PD-L1lo_tumor
37.91638960854767,59.8401871006753,0.0,PD-L1lo_tumor
-258.7992090972216,35.84072405238882,0.0,PD-L1lo_tumor
-224.16156365634058,-47.208663096413275,0.0,PD-L1lo_tumor
-52.545350287885896,92.5488359294278,0.0,PD-L1lo_tumor
109.30324524711692,7.060443174789468,0.0,PD-L1lo_tumor
152.8478318038971,-115.90716619940233,0.0,PD-L1lo_tumor
84.4203984462445,242.81808959743134,0.0,PD-L1lo_tumor
189.31226718295883,187.55700959466643,0.0,PD-L1lo_tumor
-124.21469317304967,-117.65584587522375,0.0,PD-L1lo_tumor
266.161314023786,38.39504604001071,0.0,PD-L1lo_tumor
51.898127789579085,-231.34541794776894,0.0,PD-L1lo_tumor
222.43779536972133,-60.14060512712595,0.0,PD-L1lo_tumor
138.40420468405773,-12.140279854579177,0.0,PD-L1lo_tumor
203.30077064063587,130.47593427894864,0.0,PD-L1lo_tumor
-69.31877970042993,-78.17229392706578,0.0,PD-L1lo_tumor
-116.75076177028255,14.540670788651719,0.0,PD-L1lo_tumor
-160.85389267253674,60.20909071590069,0.0,PD-L1lo_tumor
-107.58714817431982,-216.8326759027541,0.0,PD-L1lo_tumor
171.076947999222,33.10809050231486,0.0,PD-L1lo_tumor
-128.6831543506706,-63.40972730965513,0.0,PD-L1lo_tumor
-121.11772567480077,-43.29483321676589,0.0,PD-L1lo_tumor
-222.03235082176616,26.58308364183677,0.0,PD-L1lo_tumor
-237.44704415519624,-53.14264141758553,0.0,PD-L1lo_tumor
173.09453795845224,95.95424212777463,0.0,PD-L1lo_tumor
14.94736306253964,-78.16906932941808,0.0,PD-L1lo_tumor
-91.75454672471439,212.31425791352288,0.0,PD-L1lo_tumor
-104.57421911455414,36.555937141752835,0.0,PD-L1lo_tumor
-15.461767361530926,235.1136279690311,0.0,PD-L1lo_tumor
80.30279593366951,11.342698996923318,0.0,PD-L1lo_tumor
-43.39273008523031,73.40234796720753,0.0,PD-L1lo_tumor
-134.09585303287005,-90.78856477388871,0.0,PD-L1lo_tumor
-42.73730208221149,15.184068532498602,0.0,PD-L1lo_tumor
-182.68818234055124,-55.4283921289487,0.0,PD-L1lo_tumor
-31.840006517309984,117.13219512956792,0.0,PD-L1lo_tumor
-13.644298567146881,197.14905060183636,0.0,PD-L1lo_tumor
240.51427932994167,-115.04328624529687,0.0,PD-L1lo_tumor
188.79430728038463,117.96584481760958,0.0,PD-L1lo_tumor
-109.45789192670927,-181.19860866452404,0.0,PD-L1lo_tumor
-169.46907273565608,-43.531198945555474,0.0,PD-L1lo_tumor
-169.86155315911063,-68.95871957992878,0.0,PD-L1lo_tumor
-173.65149310127026,-154.55341902369435,0.0,PD-L1lo_tumor
20.76209673128923,-176.79843869881714,0.0,PD-L1lo_tumor
225.24613726120526,-87.69827924904979,0.0,PD-L1lo_tumor
-242.9031362015271,36.47079647938758,0.0,PD-L1lo_tumor
-94.04587601197049,-167.91905874936694,0.0,PD-L1lo_tumor
18.582811464427188,-255.1618451791025,0.0,PD-L1lo_tumor
181.94184287023273,-9.716655137620076,0.0,PD-L1lo_tumor
169.23421092476326,-185.12652084942223,0.0,PD-L1lo_tumor
126.61963397959435,42.85838378711959,0.0,PD-L1lo_tumor
-28.076885189875647,-244.7577777436664,0.0,PD-L1lo_tumor
105.70155100347962,68.59734109857769,0.0,PD-L1lo_tumor
82.25559508471336,-121.2583092272112,0.0,PD-L1lo_tumor
-245.60311843162725,94.5941679317325,0.0,macrophage
-262.20317762589303,-2.5923084546989346,0.0,macrophage
-72.80496092036941,146.05439520056908,0.0,macrophage
-254.74803489538095,-22.146389044800088,0.0,macrophage
32.4322927646232,155.44856829142506,0.0,macrophage
214.22730083522418,9.323369477205027,0.0,macrophage
5.086300040312489,239.7972975381569,0.0,macrophage
226.04178536786927,22.180762901464778,0.0,macrophage
227.39255611558534,73.6644091333684,0.0,macrophage
136.42356247881128,217.70832223500707,0.0,macrophage
-163.66042265240853,102.17036441608468,0.0,macrophage
143.06785597564158,196.36049871817875,0.0,macrophage
3.224309722115255,151.1650803025729,0.0,macrophage
12.415425800566556,-215.54839849931517,0.0,macrophage
215.1276031208547,-148.57441420802365,0.0,macrophage
-9.04194398307787,189.64541156564448,0.0,macrophage
208.88464120256947,123.83628667503747,0.0,macrophage
76.14726307487008,-8.675338344905915,0.0,macrophage
-143.68821417814317,122.24125724400923,0.0,macrophage
-229.51816142592764,-118.95750507140957,0.0,macrophage
-140.57933942503988,95.30464010296187,0.0,macrophage
269.9855286346459,18.072133444900135,0.0,macrophage
-182.8923873925495,-53.07731254802327,0.0,macrophage
-98.62802717830972,-23.117794584349006,0.0,macrophage
176.26405888542965,163.15267421640004,0.0,macrophage
45.79672721445696,22.03408189096628,0.0,macrophage
-240.77130801095626,341.1617643019197,0.0,PD-1lo_CD4_Tcell
-464.91316553387486,153.83469908809627,0.0,PD-1lo_CD4_Tcell
122.71343116722373,479.5434487804634,0.0,PD-1lo_CD4_Tcell
468.03025992392855,-163.24332032416294,0.0,PD-1lo_CD4_Tcell
-411.4180232579099,-227.49909906453945,0.0,PD-1lo_CD4_Tcell
-182.2373941089513,342.0605980052405,0.0,PD-1lo_CD4_Tcell
-440.2830931412044,-14.040364950654858,0.0,PD-1lo_CD4_Tcell
-2.802562219971245,-419.01555988501497,0.0,PD-1lo_CD4_Tcell
239.92553953553107,-332.5540183268319,0.0,PD-1lo_CD4_Tcell
445.0424955001254,-145.97049343237052,0.0,PD-1lo_CD4_Tcell
418.931967583438,-101.85111659545234,0.0,PD-1lo_CD4_Tcell
279.58893905644055,-394.66481802165987,0.0,PD-1lo_CD4_Tcell
-410.79799866100507,66.90308953499677,0.0,PD-1lo_CD4_Tcell
153.2610877868929,331.7894346377651,0.0,PD-1lo_CD4_Tcell
365.5509374621998,45.7499382518275,0.0,PD-1lo_CD4_Tcell
66.65550963108228,306.01551399713765,0.0,PD-1lo_CD4_Tcell
-280.4581703730071,-357.392365002118,0.0,PD-1lo_CD4_Tcell
317.1808311979707,-25.598549492930697,0.0,PD-1lo_CD4_Tcell
-366.50111454046805,-78.3507768714663,0.0,PD-1lo_CD4_Tcell
-298.95272283250625,26.140422328207986,0.0,PD-1lo_CD4_Tcell
111.58559279305898,-282.7091453327276,0.0,PD-1lo_CD4_Tcell
327.7586766294051,191.88347820028207,0.0,PD-1lo_CD4_Tcell
440.7820289189697,-60.51099638410002,0.0,PD-1lo_CD4_Tcell
-22.39590348173427,391.7905763613623,0.0,PD-1lo_CD4_Tcell
162.42670135312406,393.98652019706617,0.0,PD-1lo_CD4_Tcell
40.87110039394484,393.58091075491177,0.0,PD-1lo_CD4_Tcell
-355.9117052461893,258.06235682782903,0.0,PD-1lo_CD4_Tcell
-417.0161677508839,39.644782818821994,0.0,PD-1lo_CD4_Tcell
445.4681509880313,206.03968388223169,0.0,PD-1lo_CD4_Tcell
245.1165174817154,-311.7785281140092,0.0,PD-1lo_CD4_Tcell
-468.0120980998402,152.17097956026237,0.0,PD-1lo_CD4_Tcell
348.50092652367664,-94.28379205002584,0.0,PD-1lo_CD4_Tcell
258.5141328684674,290.6749408097768,0.0,PD-1lo_CD4_Tcell
-494.2666388066979,-51.890181957507906,0.0,PD-1lo_CD4_Tcell
-392.0577871542846,4.206481228965665,0.0,PD-1lo_CD4_Tcell
-50.20528156233035,-331.14420264924235,0.0,PD-1lo_CD4_Tcell
57.111825971919956,-377.74422807302943,0.0,PD-1lo_CD4_Tcell
-202.8100729781741,295.1944738553904,0.0,PD-1lo_CD4_Tcell
387.1377271164622,276.9145009541928,0.0,PD-1lo_CD4_Tcell
69.70739240466084,-443.9482041805152,0.0,PD-1lo_CD4_Tcell
342.7441162143089,-147.7053611178849,0.0,PD-1lo_CD4_Tcell
477.8608637887042,42.957529908050084,0.0,PD-1lo_CD4_Tcell
-351.2159848272151,-61.75880967793094,0.0,PD-1lo_CD4_Tcell
-148.27755593278835,342.635239148459,0.0,PD-1lo_CD4_Tcell
324.64962647036856,-49.99759364551908,0.0,PD-1lo_CD4_Tcell
223.4384808062746,262.01029454082953,0.0,PD-1lo_CD4_Tcell
-33.403139274725184,383.81775425301373,0.0,PD-1lo_CD4_Tcell
-104.85626390258727,355.2867598094018,0.0,PD-1lo_CD4_Tcell
392.79773644157723,47.496522252777716,0.0,PD-1lo_CD4_Tcell
-86.45305568350568,-435.51062154309017,0.0,PD-1lo_CD4_Tcell
-343.61264709897654,-216.26957779010712,0.0,PD-1lo_CD4_Tcell
-283.29416568972835,249.13194301062092,0.0,PD-1lo_CD4_Tcell
315.95273698432436,347.0318869632663,0.0,PD-1lo_CD4_Tcell
-302.35993148417293,355.6239077396136,0.0,PD-1lo_CD4_Tcell
471.6695853102181,106.7496854493015,0.0,PD-1lo_CD137hi_CD8_Tcell
-118.12967163376858,-335.7078281332754,0.0,PD-1lo_CD137hi_CD8_Tcell
23.569014642887485,391.2346560120423,0.0,PD-1lo_CD137hi_CD8_Tcell
352.10591508676526,132.81159732801962,0.0,PD-1lo_CD137hi_CD8_Tcell
214.4603659256042,238.55181976786366,0.0,PD-1lo_CD137hi_CD8_Tcell
-57.08779532379245,439.22424014169286,0.0,PD-1lo_CD137hi_CD8_Tcell
207.65461169918234,286.2380861604942,0.0,PD-1lo_CD137hi_CD8_Tcell
-387.5261161148552,-47.06128580297165,0.0,PD-1lo_CD137hi_CD8_Tcell
-47.32451916103818,-334.61718015364403,0.0,PD-1lo_CD137hi_CD8_Tcell
-48.93587269298466,360.01752216413996,0.0,PD-1lo_CD137hi_CD8_Tcell
118.34854146750432,358.488763204643,0.0,PD-1lo_CD137hi_CD8_Tcell
25.949489360873436,377.10126878297575,0.0,PD-1lo_CD137hi_CD8_Tcell
