x,y,z,type,volume,cycle entry,custom:GFP,custom:sample
-80.8631376040966,8.877781431107465,0.0,epithelial_tumor
-129.07429600400823,143.44097304643623,0.0,epithelial_tumor
126.69457090988202,-215.80164678716994,0.0,epithelial_tumor
159.77083388436733,156.4990464864914,0.0,epithelial_tumor
8.971167973015454,55.044665527623856,0.0,epithelial_tumor
-138.91536607639188,-219.38356046799518,0.0,epithelial_tumor
211.70934968150343,27.30404822394752,0.0,epithelial_tumor
148.29304273462117,207.699184537079,0.0,epithelial_tumor
-240.77033707952017,-33.65640219198986,0.0,epithelial_tumor
-87.71268766976154,165.82651506085062,0.0,epithelial_tumor
-63.80529636577932,-197.01919821497157,0.0,epithelial_tumor
-108.66119207889159,-105.48466545095256,0.0,epithelial_tumor
46.87699836140902,-43.537033006944334,0.0,epithelial_tumor
-75.4231271814358,262.11293766508123,0.0,epithelial_tumor
-95.40881614658959,-181.2748073522332,0.0,epithelial_tumor
35.784100304913,177.19672786841986,0.0,epithelial_tumor
36.93135683075085,25.39058078088805,0.0,epithelial_tumor
-170.48365959651414,-84.15648946050756,0.0,epithelial_tumor
-68.38453643911248,155.8214393888205,0.0,epithelial_tumor
65.70810057838419,216.28310577600055,0.0,epithelial_tumor
251.91376933083362,-84.9391691558247,0.0,epithelial_tumor
55.937241504177564,-96.94009803948533,0.0,epithelial_tumor
75.55145429305824,90.41868848297575,0.0,epithelial_tumor
7.945911967244139,243.65224114164826,0.0,epithelial_tumor
170.17942594348767,30.442725134738378,0.0,epithelial_tumor
-107.16888990741056,-84.90065613520046,0.0,epithelial_tumor
-207.94372074791877,104.82734699637615,0.0,epithelial_tumor
153.9292996185832,74.78766655354998,0.0,epithelial_tumor
-9.649334989621963,22.807340626712907,0.0,epithelial_tumor
-132.47104999149118,-164.15142328951762,0.0,epithelial_tumor
-77.02869396797747,129.21343150431017,0.0,epithelial_tumor
-267.2406672520134,-39.67673230411526,0.0,epithelial_tumor
66.52203327745602,-26.95251376698422,0.0,epithelial_tumor
-33.467977463930595,-42.79238693901743,0.0,epithelial_tumor
24.361338582299133,-224.92398894647152,0.0,epithelial_tumor
173.639316241718,-96.26206557274247,0.0,epithelial_tumor
-148.13249669001428,-53.87563273916452,0.0,epithelial_tumor
213.06334872937165,83.77330249226051,0.0,epithelial_tumor
-263.78353342652827,-45.74936669553401,0.0,epithelial_tumor
-62.02299358928387,49.14218856767362,0.0,epithelial_tumor
-159.74636546320383,-78.53690460628954,0.0,epithelial_tumor
38.71850982889133,-254.15159618974766,0.0,epithelial_tumor
-17.062543642163142,-27.671613055946008,0.0,epithelial_tumor
-79.53511388721996,-25.111839351671154,0.0,epithelial_tumor
-24.532473530158846,-192.52407284545987,0.0,epithelial_tumor
-136.29257417321875,-227.00772704252344,0.0,epithelial_tumor
-18.35183815653708,219.4973353682342,0.0,epithelial_tumor
82.39173949111297,-189.05149164586598,0.0,epithelial_tumor
-188.9786539657263,-189.37859092851448,0.0,epithelial_tumor
202.70987711426758,166.2962036702334,0.0,epithelial_tumor
217.2038524410808,54.86073020319117,0.0,epithelial_tumor
-144.43526755016825,-67.35126279960598,0.0,epithelial_tumor
17.369864073161956,-147.40706842165207,0.0,epithelial_tumor
227.71541810506616,133.37907770791904,0.0,epithelial_tumor
35.574286393651064,-215.0134208217167,0.0,epithelial_tumor
160.3016391442775,-65.88174757671112,0.0,epithelial_tumor
27.057532684752893,180.1961852086748,0.0,epithelial_tumor
-88.53017287953082,-168.28605084868786,0.0,epithelial_tumor
-182.70059295632785,45.339706151075326,0.0,epithelial_tumor
-60.5185219186863,-222.6654614722353,0.0,epithelial_tumor
109.96053993733985,235.1756185123401,0.0,epithelial_tumor
228.33172035912344,60.548982513562876,0.0,epithelial_tumor
94.25486222010032,176.1664345106725,0.0,epithelial_tumor
225.29089443926864,-156.35052633854264,0.0,epithelial_tumor
-223.33704769028986,-2.8331720209452627,0.0,epithelial_tumor
190.3011811426331,-153.29933385757218,0.0,epithelial_tumor
-137.71937054127918,49.53069431404134,0.0,epithelial_tumor
176.1909611368812,29.724824218619283,0.0,epithelial_tumor
244.10380390737438,-108.20300024167585,0.0,epithelial_tumor
188.05300209170989,14.305311964200092,0.0,epithelial_tumor
-56.288594440370474,-254.7874526559868,0.0,epithelial_tumor
-16.965224407184184,232.56419271016878,0.0,epithelial_tumor
-29.87192144758668,-160.01647293603054,0.0,epithelial_tumor
34.24483837181768,239.97457276763146,0.0,epithelial_tumor
90.70660453999588,214.21160649952466,0.0,epithelial_tumor
-156.55417475443315,135.1988361756653,0.0,epithelial_tumor
-134.4362650568723,-6.84251483973001,0.0,epithelial_tumor
-146.14407686644594,-211.81495227613695,0.0,epithelial_tumor
134.01467440134053,-192.89175438427077,0.0,epithelial_tumor
115.25770044110894,-147.3683417803996,0.0,epithelial_tumor
-35.28386368733198,-232.3482272679908,0.0,epithelial_tumor
171.04111427430834,142.3557057455291,0.0,epithelial_tumor
-94.5563365545664,-48.62824962089974,0.0,epithelial_tumor
-110.29648939775976,76.02080677924742,0.0,epithelial_tumor
164.4004125605515,-138.35919222755047,0.0,epithelial_tumor
-197.90964983310062,37.00772359268347,0.0,epithelial_tumor
-150.64769689316086,-120.48710469938173,0.0,epithelial_tumor
2.731646901261172,36.52447350195104,0.0,epithelial_tumor
246.61059240232913,21.39904765075114,0.0,epithelial_tumor
-52.7513515658556,119.39140421239397,0.0,epithelial_tumor
-240.14004495010866,-123.25335128616103,0.0,epithelial_tumor
-12.696157061672801,-236.36893261029587,0.0,epithelial_tumor
-232.0781563247473,-12.56406030867308,0.0,epithelial_tumor
15.305216704638916,-148.1340927749798,0.0,epithelial_tumor
-111.60536799655922,-33.76358944347353,0.0,epithelial_tumor
-72.22106314581546,-20.366312905170528,0.0,epithelial_tumor
-208.22707380825975,-160.61216098718734,0.0,epithelial_tumor
18.60700371497393,-243.45669590310607,0.0,epithelial_tumor
-38.59259505162619,-82.8446343632232,0.0,epithelial_tumor
266.06136832762127,37.68088045815997,0.0,epithelial_tumor
134.51127064564218,-231.3343144209986,0.0,epithelial_tumor
69.70024838241899,-46.829218332456655,0.0,epithelial_tumor
57.42968719726024,221.29942427966716,0.0,epithelial_tumor
175.41621119280333,-137.95050017174495,0.0,epithelial_tumor
-142.10964785854998,-117.92966904262673,0.0,epithelial_tumor
233.18233554361177,91.58963920574003,0.0,epithelial_tumor
-49.120885962191544,103.90383188314344,0.0,epithelial_tumor
-47.278581521257884,-187.65363859684018,0.0,epithelial_tumor
1.2359552606470643,-94.89742801888544,0.0,epithelial_tumor
-132.07853245867236,34.0947003399218,0.0,epithelial_tumor
-112.27310083402446,110.82267405737002,0.0,epithelial_tumor
221.2809583352596,45.522145506033176,0.0,epithelial_tumor
224.01334664267196,2.0620614282010608,0.0,epithelial_tumor
-11.999513066885433,247.67439815933184,0.0,epithelial_tumor
-58.21343220396406,-88.77041726275091,0.0,epithelial_tumor
9.239159137502241,-45.402728879399575,0.0,epithelial_tumor
-51.505499677201314,138.21927418032956,0.0,epithelial_tumor
-185.76447717062794,144.50155232278217,0.0,epithelial_tumor
-145.15359706835687,13.027544366091604,0.0,epithelial_tumor
-80.8289326872145,-110.32558623246793,0.0,epithelial_tumor
118.0514899821771,-118.42028988169758,0.0,epithelial_tumor
237.73098810482844,88.42666270895222,0.0,epithelial_tumor
14.726256503784239,136.94766762058282,0.0,epithelial_tumor
89.44258947649604,249.18263313677573,0.0,epithelial_tumor
-216.54291106788267,71.81356277577456,0.0,epithelial_tumor
-31.949348002939097,-232.54478353444395,0.0,epithelial_tumor
10.075888081622983,158.66657267533094,0.0,epithelial_tumor
87.92587613955051,-17.54274448707981,0.0,epithelial_tumor
-6.582058798747057,80.18333972574356,0.0,epithelial_tumor
-94.61061062099692,162.0285231176566,0.0,epithelial_tumor
20.09704463790982,56.50670166562034,0.0,epithelial_tumor
64.1604710959002,-59.14402909196401,0.0,epithelial_tumor
62.913506917621035,-253.07091784403693,0.0,epithelial_tumor
105.31359899978449,-47.562522845794646,0.0,epithelial_tumor
13.47208515923561,-167.75069144346426,0.0,epithelial_tumor
212.53602693439785,109.22144089135153,0.0,epithelial_tumor
215.1371284406282,-149.65401859950575,0.0,epithelial_tumor
60.75158255634282,37.78442360562571,0.0,epithelial_tumor
-103.93199179786598,180.77222291601944,0.0,epithelial_tumor
-238.82699866663467,99.22450061256954,0.0,epithelial_tumor
260.7459903927696,75.69421469794541,0.0,epithelial_tumor
55.65271817460196,-33.821760656983294,0.0,epithelial_tumor
96.24423876197994,40.11619915287476,0.0,epithelial_tumor
174.68857659699742,-122.88530018036415,0.0,epithelial_tumor
-212.01090546937155,148.72316285956256,0.0,epithelial_tumor
-222.99669738263393,108.98718983312794,0.0,epithelial_tumor
49.36513156389804,-179.3985261123682,0.0,epithelial_tumor
12.104173511752858,101.09633625719565,0.0,epithelial_tumor
82.78496002803502,240.29569705083807,0.0,epithelial_tumor
232.92651726150376,98.00210221085419,0.0,epithelial_tumor
72.62787289101175,180.0099630756732,0.0,epithelial_tumor
-51.10780448124417,228.62136524305535,0.0,epithelial_tumor
-80.93198716708956,237.32884185261497,0.0,epithelial_tumor
-170.5184718665929,-55.5484046531273,0.0,epithelial_tumor
-118.16666777136359,53.08113396229491,0.0,epithelial_tumor
256.805608955722,-17.39761587168401,0.0,epithelial_tumor
-196.83842262130662,179.9781149779029,0.0,epithelial_tumor
-163.59685629091754,117.11592481400385,0.0,epithelial_tumor
-192.44984824568147,-58.169061094857945,0.0,epithelial_tumor
218.1149182049171,-37.21772471670779,0.0,epithelial_tumor
168.81902788671545,-98.2935434077023,0.0,epithelial_tumor
-249.2962162594159,-76.71007290502303,0.0,epithelial_tumor
214.18962264652336,-44.81397624100201,0.0,epithelial_tumor
-222.96776219623936,119.86143554182985,0.0,epithelial_tumor
-183.40006766369686,-167.36281959784515,0.0,epithelial_tumor
68.21599169617399,163.4903028437933,0.0,epithelial_tumor
-86.44738784889783,-77.62439540780808,0.0,epithelial_tumor
54.91890545907434,-160.88658774768768,0.0,fibroblast
-21.7531109790638,-11.107608631523373,0.0,fibroblast
-158.10455463990974,47.12688103964381,0.0,fibroblast
26.735400575182517,147.87644139660634,0.0,fibroblast
-35.67396984284613,-229.91025883513882,0.0,fibroblast
-70.2736380334626,174.95862950453625,0.0,fibroblast
-11.95338759495411,76.67274302483055,0.0,fibroblast
270.1391507856451,-24.36123720644421,0.0,fibroblast
-152.5283832102792,-128.7684130507858,0.0,fibroblast
-47.52126685698234,177.11736089303054,0.0,fibroblast
210.39426873385202,-53.11399832864073,0.0,fibroblast
-73.5348824644985,-215.1346339663223,0.0,fibroblast
177.44754028706265,-117.34789362739339,0.0,fibroblast
111.3673383612947,75.48920206952067,0.0,fibroblast
91.39700695412364,188.9119897694455,0.0,fibroblast
163.0498830300936,-81.53156818356655,0.0,fibroblast
148.06202202408477,117.97053367141574,0.0,fibroblast
-203.6681284686299,22.50294047262307,0.0,fibroblast
18.464299705274488,2.1295950501886836,0.0,fibroblast
-159.83230176394088,-148.46023340679784,0.0,fibroblast
-139.4352780581932,-183.64279237413223,0.0,fibroblast
94.34618805867323,-166.6357098977843,0.0,fibroblast
-148.03024312360907,147.75166875287076,0.0,fibroblast
-21.15384888677351,89.02196195327173,0.0,fibroblast
-53.38595846031692,54.87321603602912,0.0,fibroblast
-202.2215698768108,15.777422500846455,0.0,fibroblast
-32.65360754615772,-216.51467781053054,0.0,fibroblast
228.34027392744824,29.752874341023396,0.0,fibroblast
-41.78730715076251,30.557828399791678,0.0,fibroblast
-112.76896100199666,-90.01111997275089,0.0,fibroblast
158.0380641836889,9.427965573502727,0.0,fibroblast
-77.96878277751439,-82.9657025368193,0.0,fibroblast
140.5628310595211,-190.90211934208878,0.0,fibroblast
-112.68736373471121,-163.80086060864053,0.0,fibroblast
152.3649154434672,-49.31338723941494,0.0,fibroblast
-11.906447356714917,164.57226755162222,0.0,fibroblast
-193.37120023558174,-24.555173597296875,0.0,fibroblast
-23.013108343094125,-43.6641467030131,0.0,fibroblast
-150.4158948897343,132.76915434183618,0.0,fibroblast
-6.8920850699648595,137.91968037856384,0.0,fibroblast
-196.78120087429693,136.54815618261145,0.0,fibroblast
-54.568376050800005,-124.91632580628587,0.0,fibroblast
-75.51460653485881,157.44946844521462,0.0,fibroblast
-74.71007773700303,-190.32214268990398,0.0,fibroblast
99.76441103969756,-39.83312625017727,0.0,fibroblast
-36.715721431063876,111.93656542236216,0.0,fibroblast
-195.66097274708613,-183.6856203588404,0.0,fibroblast
232.8357156553292,9.867007370568908,0.0,fibroblast
-131.62436400267623,-205.49238897040962,0.0,fibroblast
83.87025850464599,70.91707807914324,0.0,fibroblast
122.33415690364873,216.78568107593497,0.0,fibroblast
-242.85012561326684,-58.77394554989827,0.0,fibroblast
56.86521163993418,104.32312499659538,0.0,fibroblast
115.1858013013667,133.65860756707673,0.0,fibroblast
-60.33853713642434,-122.12639626936719,0.0,fibroblast
-191.468488570696,-8.640211731622486,0.0,fibroblast
193.01338780444283,138.11182761911363,0.0,fibroblast
-259.8309225765753,-39.52369480581071,0.0,fibroblast
229.69852702729878,-0.43699917747222516,0.0,fibroblast
126.93724560469217,-130.19098573678062,0.0,fibroblast
8.908454240096393,-234.57227717054937,0.0,fibroblast
-73.00312734549158,-250.35381318362855,0.0,fibroblast
101.88174740428718,-142.61588090563632,0.0,fibroblast
-44.97260694902136,-12.312555677526571,0.0,fibroblast
-0.43452568650888473,-38.586556319504396,0.0,fibroblast
118.16616890148083,61.40502598272091,0.0,fibroblast
-144.55555048266189,232.62180003543995,0.0,fibroblast
-171.21568515770142,-151.7663707002485,0.0,fibroblast
-175.71189349443094,111.14499060587747,0.0,fibroblast
-141.4977308288929,-117.62316759679636,0.0,fibroblast
157.93437516390384,-114.53517406246196,0.0,fibroblast
161.74125330563143,-58.009638007935706,0.0,fibroblast
-1.1378648914650844,-39.47583456190918,0.0,fibroblast
89.3358763026097,128.1716639031739,0.0,fibroblast
85.74194545572868,130.35836247336502,0.0,fibroblast
-122.91400347907866,133.78844996159958,0.0,fibroblast
92.8562833210569,83.46687984211924,0.0,fibroblast
-247.75957937343844,-70.25581677158014,0.0,fibroblast
-67.75099098464263,178.18705318309975,0.0,fibroblast
193.80520898303305,-102.3866834074593,0.0,fibroblast
202.96753170218707,71.13863780213241,0.0,fibroblast
45.42684739645569,115.99525014773793,0.0,fibroblast
-133.59079664399823,235.07274504773744,0.0,fibroblast
-26.18047482260914,-84.20290909543436,0.0,fibroblast
-39.51297862141609,-109.3584470688971,0.0,fibroblast
-75.51852713816447,252.5934710309987,0.0,fibroblast
20.294185968873027,150.76981869198056,0.0,fibroblast
-77.65284226139904,238.35410103061335,0.0,fibroblast
93.75680349804573,-22.024655048821323,0.0,fibroblast
161.82486422751293,140.21763910339578,0.0,fibroblast
47.34449837656178,-63.933205721929056,0.0,fibroblast
149.30605018602066,75.45881981776353,0.0,fibroblast
240.2657130353156,65.50092138403707,0.0,fibroblast
51.42033874814899,-99.57886586609635,0.0,fibroblast
116.49787300551533,123.7453341015229,0.0,fibroblast
188.82279034584224,-13.205346251040632,0.0,fibroblast
153.8678442757243,-48.62607020839204,0.0,fibroblast
-45.944977856698806,-82.28166554525976,0.0,fibroblast
46.94631957889296,-134.844764628294,0.0,fibroblast
70.32753503474754,125.82367910038579,0.0,fibroblast
149.9557978026698,11.34738580488401,0.0,fibroblast
92.23719079798157,-153.1653907799987,0.0,fibroblast
-199.01988595106442,-176.72949166540465,0.0,fibroblast
94.37718968555082,-145.0734980094029,0.0,fibroblast
-114.35227957463071,117.69198962926718,0.0,fibroblast
-225.39426080478572,77.68541019743712,0.0,fibroblast
167.06613486381153,100.87729403333033,0.0,fibroblast
-169.7743588210434,-27.56376907260509,0.0,fibroblast
43.620041380561794,243.7735471979962,0.0,fibroblast
105.7293081698892,-45.210128286763684,0.0,fibroblast
-23.883855332721105,1.0024344916223877,0.0,fibroblast
-61.707015435139354,1.545550082897391,0.0,fibroblast
-68.40281605299887,229.7384182864164,0.0,fibroblast
128.68714644680685,146.83780570182935,0.0,fibroblast
-65.89722481910232,-130.42095009641008,0.0,fibroblast
-176.23156764232093,0.5682954235559159,0.0,fibroblast
88.64106460114719,249.55553282249684,0.0,fibroblast
-7.3454509439010875,-167.12648547900224,0.0,fibroblast
155.00866656969723,-119.89658021270829,0.0,fibroblast
-27.272172358772252,-116.83983410213425,0.0,fibroblast
22.028196680370996,156.60336595152415,0.0,fibroblast
55.035780706554576,-126.21895086244446,0.0,fibroblast
185.37691495287206,-119.06347755575315,0.0,fibroblast
-182.52535966255763,-135.5590686149322,0.0,fibroblast
62.4637105579731,-127.94510433028748,0.0,fibroblast
-73.47849278723552,-173.9097524262691,0.0,fibroblast
113.8716789255961,-26.406442727393554,0.0,fibroblast
-32.383259350875555,-185.1452152071378,0.0,fibroblast
133.10772712753862,165.52359953969338,0.0,fibroblast
136.84838038618526,-1.1414222898407025,0.0,fibroblast
-104.23219356665794,-102.77949761425647,0.0,fibroblast
133.18059481972043,140.99190888234682,0.0,fibroblast
120.08631709268022,156.8703997399355,0.0,fibroblast
30.898037630318907,184.49945456532055,0.0,fibroblast
61.85056440977644,18.573942526320035,0.0,fibroblast
-5.557000576598548,200.34806073961173,0.0,fibroblast
-154.25409700177454,192.75513879237644,0.0,fibroblast
-198.5455347448345,141.79879684504274,0.0,fibroblast
252.80713918556415,33.924697686652344,0.0,fibroblast
-191.53218644884316,43.9639277108815,0.0,fibroblast
-201.92211968548946,126.73057372958267,0.0,fibroblast
-44.56153974853374,-64.21221263852946,0.0,fibroblast
-114.94063361451711,-62.78206258130702,0.0,fibroblast
-114.40000186004158,167.06978884633503,0.0,fibroblast
244.4754516221277,-75.18540675922283,0.0,fibroblast
-245.5926832504759,-100.75618448777415,0.0,fibroblast
-163.83380182558287,-24.785265306378978,0.0,fibroblast
-132.42224959130448,-116.35814198427146,0.0,fibroblast
-206.94287725541906,-70.67666686696141,0.0,fibroblast
167.06934843125714,-190.45932242344236,0.0,fibroblast
119.38424073658136,167.63735041465947,0.0,fibroblast
-169.30796400872347,147.56422070780042,0.0,fibroblast
195.99151040647683,67.56720296012102,0.0,fibroblast
-3.8807697822873766,37.100774715830035,0.0,fibroblast
82.25795991686375,-244.0126775808388,0.0,fibroblast
0.5017805914313425,108.20551182814047,0.0,fibroblast
-53.85090831415274,167.20146837929613,0.0,fibroblast
235.70756587257006,-65.98322779281605,0.0,fibroblast
-150.80322129905207,58.63717823131384,0.0,fibroblast
-127.64942963229525,-24.41871016483085,0.0,fibroblast
-158.85547367365436,-148.43187518925208,0.0,fibroblast
155.73623545038913,-52.525440311348866,0.0,fibroblast
99.99891918502101,-112.02698611347655,0.0,fibroblast
115.64096060380237,-89.6292341517624,0.0,fibroblast
86.10142213310733,-19.390338838904352,0.0,fibroblast
187.37617259171526,113.05577269820147,0.0,fibroblast
-27.41129759508301,-105.5479816587725,0.0,fibroblast
-36.21088309985377,89.64441736999474,0.0,fibroblast
176.45979160660102,-107.52005527758878,0.0,fibroblast
-219.46907951982033,145.73381593077636,0.0,fibroblast
-79.4935340365889,98.17904147153625,0.0,fibroblast
22.217414313718532,135.59566278193284,0.0,fibroblast
54.88719174142018,193.2415017579269,0.0,fibroblast
-100.99369550371382,-77.03465928572261,0.0,fibroblast
-117.2801586020219,-154.97392784621593,0.0,fibroblast
94.39018456347814,163.20851165907953,0.0,fibroblast
-144.58986018312422,-186.4468910501743,0.0,fibroblast
36.60253445706585,18.967951615127994,0.0,fibroblast
261.11986775366466,-16.258958234829834,0.0,fibroblast
-67.27207637381436,-238.0537663902456,0.0,fibroblast
-84.43784794469957,189.84547131563903,0.0,fibroblast
168.78712489362917,14.064240468295091,0.0,fibroblast
-57.232491119476286,-178.899248312793,0.0,fibroblast
128.95514628385857,-121.06335918064667,0.0,fibroblast
-38.64066278940304,-248.79829964757178,0.0,fibroblast
49.04827812891338,5.294787817604291,0.0,fibroblast
-82.66452513231616,124.59935942456322,0.0,fibroblast
41.6449188863924,86.57473226842453,0.0,fibroblast
-113.19015632440029,94.06207440793892,0.0,fibroblast
-231.3883357169627,-52.49706332175629,0.0,fibroblast
92.66924502038584,-108.88017522450204,0.0,fibroblast
176.48984891690478,-31.119099835856048,0.0,fibroblast
216.4991959718122,-64.16637828326996,0.0,fibroblast
95.57807930845173,250.22132429035867,0.0,fibroblast
-83.14139949246102,80.71350136435578,0.0,fibroblast
33.15693834122085,239.10107412007085,0.0,fibroblast
99.43086329307613,-151.88107305972196,0.0,fibroblast
-60.908803377855605,195.63658817354474,0.0,fibroblast
-212.85571633481007,29.476443777280828,0.0,fibroblast
245.61389475788243,122.07533017226315,0.0,fibroblast
71.21117321027349,44.30428821658251,0.0,fibroblast
-266.46791526451614,-35.33773886061976,0.0,fibroblast
-193.638514669514,48.25722779938021,0.0,fibroblast
-123.65803591576874,218.824082577489,0.0,fibroblast
27.27943654511435,-172.82316133904877,0.0,fibroblast
-96.03145973135753,52.676009531490614,0.0,fibroblast
182.21052007946116,159.28367489584625,0.0,fibroblast
176.59731976199544,199.36812630467642,0.0,fibroblast
122.72073872631245,-110.31464233566024,0.0,fibroblast
203.86093903848948,-18.179751336733897,0.0,fibroblast
-168.4851980460543,-78.36244303123681,0.0,fibroblast
29.984661687188943,-44.7992758656963,0.0,fibroblast
-228.6642079206224,63.159140574802045,0.0,fibroblast
-135.6782906537932,126.11302243438732,0.0,fibroblast
240.6627798238176,-121.25757960787041,0.0,fibroblast
-235.9268248953554,133.18880002397125,0.0,fibroblast
160.6010240294254,-31.033514826350352,0.0,fibroblast
-175.2091286134905,143.93604995632697,0.0,fibroblast
39.80241244176247,241.06286688969774,0.0,fibroblast
-27.966163702201357,50.64719533011076,0.0,fibroblast
212.24573341120612,-71.94429175409381,0.0,fibroblast
-17.198412489691275,-209.52866334491958,0.0,fibroblast
151.36885539139192,25.277597711264338,0.0,fibroblast
53.87779528800504,-213.5204978451891,0.0,fibroblast
44.97460633816507,93.82052156778155,0.0,fibroblast
193.17250491666192,131.85886056942806,0.0,fibroblast
-267.4024705989124,39.479987076592444,0.0,fibroblast
-108.37280609407813,-165.9288367632925,0.0,fibroblast
179.9913081559727,-48.87606642009528,0.0,fibroblast
240.00769390142906,-16.97506061651177,0.0,fibroblast
-127.00960548133584,-26.327425806874373,0.0,fibroblast
32.4223341977217,66.3957693087189,0.0,fibroblast
-265.15337354996416,59.014299501167734,0.0,fibroblast
-231.90903195107762,18.960713514412696,0.0,fibroblast
-158.1354250498107,179.33723187698612,0.0,fibroblast
-211.27697246427408,45.23371920161118,0.0,fibroblast
-229.4563870905279,-122.99357299374391,0.0,fibroblast
218.08075018421997,162.9292386306908,0.0,fibroblast
45.27612961942586,101.45888567158796,0.0,fibroblast
-138.2813901901781,-20.026736037188204,0.0,fibroblast
113.2615237865613,-227.71554217590332,0.0,fibroblast
33.651458033438665,-193.8924736624323,0.0,fibroblast
-89.4753898394296,200.16454747171238,0.0,fibroblast
125.3249347768048,221.56821142828545,0.0,fibroblast
-109.55241310573021,-161.98870129857235,0.0,fibroblast
-104.594533080869,11.843513968993491,0.0,fibroblast
-101.8879520322203,236.69316848203388,0.0,fibroblast
150.2618509169584,-117.3849963218317,0.0,fibroblast
194.92000377241868,180.26039276658838,0.0,fibroblast
106.08230506145387,56.3680817025524,0.0,fibroblast
260.61879498996103,-50.78518877349987,0.0,fibroblast
124.3735236864578,-62.028344943745005,0.0,fibroblast
207.65270602562924,-115.16292796068679,0.0,fibroblast
-148.98559820162598,-25.705215548213737,0.0,fibroblast
-104.43033348969837,201.0023848734192,0.0,fibroblast
-155.94758664366307,16.1338575111988,0.0,fibroblast
61.93780450672007,-181.5821636632941,0.0,fibroblast
39.93538473203149,-78.87358167988518,0.0,fibroblast
202.52350909396478,-126.31276425171573,0.0,fibroblast
-3.924682489581191,-12.540343827199829,0.0,fibroblast
-255.00336549427027,-41.74179651160609,0.0,fibroblast
154.1555114207506,-121.39888783561842,0.0,fibroblast
-106.22893482418336,209.02060917076057,0.0,fibroblast
132.35862135828262,236.87674134093157,0.0,fibroblast
129.59572469376272,-44.555322160781245,0.0,fibroblast
-61.18681356216374,-78.21915804675693,0.0,fibroblast
198.33821037188252,-142.7434274554867,0.0,fibroblast
-179.061022021861,-84.54890359540914,0.0,fibroblast
64.39287710577804,150.93293524510804,0.0,fibroblast
-200.6703424730919,114.89187749284794,0.0,fibroblast
67.40507214198952,-98.36145153782752,0.0,fibroblast
-84.03519610010811,29.273172189845333,0.0,fibroblast
-203.08716354298994,161.4635524217861,0.0,fibroblast
148.25127446120828,45.64800190945225,0.0,fibroblast
-64.52680821337042,-159.48562140224573,0.0,fibroblast
13.97796343615245,-95.62222315476158,0.0,fibroblast
182.88211661233353,131.9814064000292,0.0,fibroblast
34.24216504177088,154.6938805802427,0.0,fibroblast
34.22198515649176,-72.8361031735655,0.0,fibroblast
-180.321125906291,-168.36601618442984,0.0,fibroblast
239.1367361377472,-2.334681561278376,0.0,fibroblast
-37.39789208547867,183.1259544098767,0.0,fibroblast
-142.69027581166372,187.94988287269217,0.0,fibroblast
-149.52775195000754,-40.66060586161715,0.0,fibroblast
79.2715599148926,-193.07841823524524,0.0,fibroblast
-132.35947998181035,5.132461044418416,0.0,fibroblast
67.29628957983174,49.02458200325384,0.0,fibroblast
4.890717221966488,-213.4530428696429,0.0,fibroblast
-104.45946192437195,14.035963422241744,0.0,fibroblast
145.78240983382221,-119.76845364231566,0.0,fibroblast
143.66272990400526,106.40053475513643,0.0,fibroblast
-99.43488928495633,-140.25031978153135,0.0,fibroblast
123.79478818531302,83.40812388655323,0.0,fibroblast
-13.397720755851534,-172.15598958027692,0.0,fibroblast
-73.67630482319521,-120.9696784441095,0.0,fibroblast
180.88399088071236,-12.046440023195078,0.0,fibroblast
-134.0894338303078,148.52138855269317,0.0,fibroblast
-145.91049316338163,-154.11387350841275,0.0,fibroblast
-102.18920991512084,-39.05244563189644,0.0,fibroblast
55.00017303464981,50.781345135669696,0.0,fibroblast
268.1477129318212,13.423334121344324,0.0,fibroblast
216.97020819084668,-147.9562347639838,0.0,fibroblast
-10.056387929814287,-35.48871918445568,0.0,fibroblast
76.5379676927691,28.752311065356974,0.0,fibroblast
-200.66841538553038,-180.39919512190582,0.0,fibroblast
91.63825880500498,-119.91560333365462,0.0,fibroblast
113.10245496174602,0.2840396109654428,0.0,fibroblast
226.7124175720547,36.649296101528975,0.0,fibroblast
-0.5382531589026321,-83.95459852910055,0.0,fibroblast
94.65581471723472,-146.54177646775105,0.0,fibroblast
258.57121486420766,-49.42787488079092,0.0,fibroblast
50.25980218580914,-145.89488323119505,0.0,fibroblast
-80.19990435739516,-120.51498661055402,0.0,fibroblast
134.60619583098148,60.23234980088148,0.0,fibroblast
-162.03152267388762,100.27847042270612,0.0,fibroblast
-16.98526805022123,-66.66682615668587,0.0,fibroblast
-248.46088035203988,-17.36413955171232,0.0,fibroblast
-114.59807648065096,-152.02699341019263,0.0,fibroblast
43.3378252859919,166.81163422400746,0.0,fibroblast
40.137637246060926,-45.85763111774896,0.0,fibroblast
-223.04361162167254,56.991504620257395,0.0,fibroblast
170.6832157511318,63.51090060498714,0.0,fibroblast
264.83159622246734,59.60742707058568,0.0,fibroblast
144.501253187149,155.32303611513467,0.0,fibroblast
203.95513119414335,-61.719831094566736,0.0,fibroblast
-215.57847142876102,156.7700531790771,0.0,fibroblast
-41.70398926374217,-18.405070596662966,0.0,fibroblast
-68.93957816272895,-206.53185891072025,0.0,fibroblast
-107.73400892449986,145.0343538107709,0.0,fibroblast
100.75908284576468,-215.9966278061808,0.0,fibroblast
89.19941545253938,-51.831688825060596,0.0,fibroblast
-128.20886246273582,-148.97653704880415,0.0,fibroblast
126.528744670742,124.36842982795312,0.0,fibroblast
-201.73316442497995,-106.00200341306619,0.0,fibroblast
45.81720419842909,10.673476273860127,0.0,fibroblast
104.17161837041073,150.51301449675648,0.0,fibroblast
-49.29105038061377,182.54881870878637,0.0,fibroblast
-143.54887802038536,-203.40819584463782,0.0,fibroblast
61.44036638299931,-187.1176115793059,0.0,fibroblast
-221.5153098136956,59.269046944112716,0.0,fibroblast
179.37868663528178,147.0039538407446,0.0,fibroblast
-248.26141365936965,49.42182605441561,0.0,fibroblast
173.74463220252352,131.17499739454988,0.0,fibroblast
158.39416821755117,80.62074141963583,0.0,fibroblast
-62.33246735433424,74.18501080415633,0.0,fibroblast
-253.77940347407664,-101.11934501351644,0.0,fibroblast
-73.8200149831472,114.20017979190975,0.0,fibroblast
-20.94606368305625,113.2605525490917,0.0,fibroblast
14.797613508124742,270.97083085218753,0.0,fibroblast
55.148101411539805,262.15390746545387,0.0,fibroblast
-16.271737689192836,-48.276757833933125,0.0,fibroblast
-167.53154597551764,27.346963926410687,0.0,fibroblast
45.74602575832538,225.37423810367892,0.0,fibroblast
-261.0518413852134,70.59952741940779,0.0,fibroblast
-148.76376779487836,-23.33383426495285,0.0,fibroblast
-4.964436815559417,248.4593612338649,0.0,fibroblast
43.230544203996985,-97.85675977155658,0.0,fibroblast
169.6150973114525,114.27579400483006,0.0,fibroblast
-126.50150011944703,111.05400322196289,0.0,fibroblast
-50.633465940617526,172.88901825713558,0.0,fibroblast
68.34445172579659,-212.17997258191815,0.0,fibroblast
-112.8301141448688,-206.1876267476659,0.0,fibroblast
235.47273081462134,-126.45390924026488,0.0,fibroblast
-98.62229225889341,114.03987856549888,0.0,fibroblast
-179.92813623771147,-125.71645030804453,0.0,fibroblast
38.27808550819049,-80.84543580198688,0.0,fibroblast
69.4198256370885,-169.8316744688423,0.0,fibroblast
88.50917646454657,-74.35775564102084,0.0,fibroblast
136.57107773805168,-197.75759928994063,0.0,fibroblast
90.07730311979306,35.222418676487344,0.0,fibroblast
19.085211261890564,-264.84792477295264,0.0,fibroblast
-232.86311498304806,-136.02174818880033,0.0,fibroblast
-80.48391405025102,-222.34267505339957,0.0,fibroblast
102.66178823819394,-166.88718760328663,0.0,fibroblast
28.27049797411251,243.5976308765799,0.0,fibroblast
-245.57452548270763,-43.55358654453267,0.0,fibroblast
-21.475449408164565,207.43780915915056,0.0,fibroblast
-38.2774366393252,-71.77470364310877,0.0,fibroblast
26.59697883690267,82.73542203196624,0.0,fibroblast
-130.674861217478,-104.09883519853084,0.0,fibroblast
-268.55668062442544,42.20983416792863,0.0,fibroblast
56.68409316268539,100.21950834364654,0.0,fibroblast
-47.311659332071535,-138.9751346845003,0.0,fibroblast
209.09526188591178,40.1674306896022,0.0,fibroblast
-34.94791398590066,-225.2351670036005,0.0,fibroblast
-9.520982358743447,-134.00332642578869,0.0,fibroblast
-108.27918729135455,-128.44438038644932,0.0,fibroblast
219.9340935384313,134.482046708803,0.0,fibroblast
72.01325437298435,135.17168649379204,0.0,fibroblast
-207.07482124820524,-160.03186384384628,0.0,fibroblast
-178.56515165063402,-132.79361254678483,0.0,fibroblast
43.445173628543515,191.8829007763218,0.0,fibroblast
-124.67634032945067,-39.681872426406244,0.0,fibroblast
85.47885217873515,177.7608125193439,0.0,fibroblast
-29.09625244341772,-65.33523884164389,0.0,fibroblast
223.8449481929231,14.593718308028592,0.0,fibroblast
205.6931997808456,-7.733934916668016,0.0,fibroblast
87.90856942093376,-245.6007687490793,0.0,fibroblast
-268.0924764149259,-51.5924039491719,0.0,fibroblast
59.69772244240635,125.21142613115246,0.0,fibroblast
108.93749294443955,7.029118470693153,0.0,fibroblast
-75.20090239925858,-188.60954874607313,0.0,fibroblast
246.5268278479219,-28.216690892394375,0.0,fibroblast
-50.24772645938532,61.106361494225425,0.0,fibroblast
68.2491012613466,-48.116062597552265,0.0,fibroblast
173.98482617407066,194.67872038981065,0.0,fibroblast
-10.12992542365158,272.9465451443418,0.0,fibroblast
91.01471938376513,-119.0384570270491,0.0,fibroblast
-135.16929609346658,-130.5569740125924,0.0,fibroblast
83.1989196265436,-120.36489001827807,0.0,fibroblast
100.64718961311168,-110.42070522880947,0.0,fibroblast
30.507132980112512,-42.88519825571939,0.0,fibroblast
81.0638386747978,-168.94058273850658,0.0,fibroblast
231.84350751015307,-145.6882133328407,0.0,fibroblast
-124.41408221917192,193.36059572670308,0.0,fibroblast
212.67236782790434,119.51081103423978,0.0,fibroblast
-94.57047740258687,175.7464232108753,0.0,fibroblast
0.5391148975940596,-72.98545401583748,0.0,fibroblast
-205.8498577711799,-132.73657946944041,0.0,fibroblast
-35.37444794021258,36.7544782821524,0.0,fibroblast
-88.89856811855698,26.391843788548584,0.0,fibroblast
21.52348303080605,200.3798519352158,0.0,fibroblast
-235.42298417872576,-135.7092283766092,0.0,fibroblast
-83.30048042458988,-78.1985793716465,0.0,fibroblast
-149.5604905505156,-155.58926193238747,0.0,fibroblast
16.615807881113465,267.5744937227632,0.0,fibroblast
29.5257546829692,198.36930148885847,0.0,fibroblast
-85.56979638867682,-218.6512926613344,0.0,fibroblast
-187.23648281187496,27.15124439152231,0.0,fibroblast
204.66892865537034,-22.500726670603004,0.0,fibroblast
-102.38101507338459,30.2898784226604,0.0,fibroblast
78.25191917712586,-239.7568236686255,0.0,fibroblast
14.996273817828298,65.23882960897126,0.0,fibroblast
-261.96984016245733,34.29067460065062,0.0,fibroblast
77.18827157753437,66.35188945403367,0.0,fibroblast
-165.7013408860597,-121.77900398749892,0.0,fibroblast
26.648508225725347,-129.30071299232443,0.0,fibroblast
-40.487851211328454,23.33368361119163,0.0,fibroblast
119.12617891918309,125.55645618889992,0.0,fibroblast
-251.65834918921644,-53.50166813445328,0.0,fibroblast
-22.84397987828134,179.66568859255096,0.0,fibroblast
-57.46002240953079,-66.39808106824916,0.0,fibroblast
-138.1843066429252,-196.0203196232389,0.0,fibroblast
-140.94885293869098,-164.22683396305163,0.0,fibroblast
75.87225503699948,135.24421267866217,0.0,fibroblast
-16.18052917528893,-12.060866473821994,0.0,fibroblast
13.390432463425672,92.78824270890496,0.0,fibroblast
-55.223422881921174,40.753489714363056,0.0,fibroblast
11.340965155219251,133.3457781446782,0.0,fibroblast
-88.72054073672125,121.94639235667869,0.0,fibroblast
51.77002848601535,-225.33973893033755,0.0,fibroblast
29.942158693906908,215.17197674568658,0.0,fibroblast
132.7991294627561,-189.91319593337687,0.0,fibroblast
3.1932086067410994,-41.50147796288095,0.0,fibroblast
-181.17275092970158,71.10613900505396,0.0,fibroblast
-44.71200675900362,-94.28929722822608,0.0,fibroblast
-25.142768007163244,110.28253686578098,0.0,fibroblast
-34.03832624833051,-251.59864114489446,0.0,fibroblast
-198.52448833582352,38.49534314358369,0.0,fibroblast
-36.28231308014448,-139.4778131167745,0.0,fibroblast
241.77145273982148,-128.3542071697148,0.0,fibroblast
187.96559586359277,33.600305795248794,0.0,fibroblast
-85.61352434733692,-3.081589139357053,0.0,fibroblast
27.451477148799,-157.01424254462248,0.0,fibroblast
-123.39896747156126,162.55079318413337,0.0,fibroblast
-35.24377985472735,195.0799310171801,0.0,fibroblast
-33.65776322530458,3.0280793049651806,0.0,fibroblast
-80.2182222737636,-242.73788933639491,0.0,fibroblast
-87.69430053854101,216.20898700313242,0.0,fibroblast
-193.6990210169701,-29.964745766028326,0.0,fibroblast
264.7558279227467,35.8362116557384,0.0,fibroblast
-44.395466623061445,-193.12081420235393,0.0,fibroblast
69.56689752740995,-251.85050514393495,0.0,fibroblast
-190.42379743245894,157.67830568922662,0.0,fibroblast
17.08835861587706,-244.4338279054854,0.0,fibroblast
-115.66448168168314,-72.3908121123545,0.0,fibroblast
-148.7707765301933,134.95944253378627,0.0,fibroblast
-77.19706594947459,20.04470419951068,0.0,fibroblast
-151.79053083221999,-46.04087104130958,0.0,fibroblast
103.26129028548934,-28.378538901988357,0.0,fibroblast
87.54649542273012,62.77932970085486,0.0,fibroblast
-246.6134117721849,-30.49117098087379,0.0,fibroblast
-201.06976559158338,-58.73124169307183,0.0,fibroblast
84.5599625653334,209.06572121719714,0.0,fibroblast
-145.26717675159847,233.35347357137474,0.0,fibroblast
-108.89080220719944,-92.41658954657353,0.0,fibroblast
-62.96890916970218,-190.32576662950035,0.0,fibroblast
76.88187508714334,-24.68843725175261,0.0,fibroblast
115.49262891230532,90.32427641139664,0.0,fibroblast
239.36278774693514,116.35513161347141,0.0,fibroblast
146.23909086537594,-184.4548641523271,0.0,fibroblast
57.37176115350705,6.811363907302925,0.0,fibroblast
-262.9245745748183,10.12090766344566,0.0,fibroblast
20.3379537553989,-146.46724667433,0.0,fibroblast
52.7008775566681,-162.02715799516008,0.0,fibroblast
3.7266254202736264,-41.32963021989207,0.0,fibroblast
106.49469411246154,124.59796811431335,0.0,fibroblast
110.08658405356104,-27.54698460102381,0.0,fibroblast
70.46893874061098,-59.132886989349124,0.0,fibroblast
139.0011784354435,132.19248544544539,0.0,fibroblast
-75.19956829393871,-36.82652148320001,0.0,fibroblast
138.6561453094745,-158.9949143226565,0.0,fibroblast
-94.19467856435499,96.51641604389955,0.0,fibroblast
-111.8702576735673,204.39369471023147,0.0,fibroblast
73.85342157025607,70.88813453394268,0.0,fibroblast
-53.84821709100586,-95.53481809526309,0.0,fibroblast
208.18051514102208,-129.96816597859987,0.0,fibroblast
-8.994256888594323,39.15345129645077,0.0,fibroblast
248.97522883841765,69.39683664704137,0.0,fibroblast
57.37842056740457,258.7699941322368,0.0,fibroblast
-94.0587133832587,182.3298942759153,0.0,fibroblast
248.15967703537717,35.06012757878283,0.0,fibroblast
-46.07944301516637,-115.64812773283052,0.0,fibroblast
-170.0633169027134,44.27059163694452,0.0,fibroblast
-98.36863802293655,-193.45709784893364,0.0,fibroblast
-99.76875618830931,200.19114756849524,0.0,fibroblast
7.8830437798626996,260.5639072990819,0.0,fibroblast
-170.9044026353152,24.652552167049475,0.0,fibroblast
235.53718744648737,-15.290546842775674,0.0,fibroblast
74.55512700184453,193.00158124120517,0.0,fibroblast
-68.44448577627665,152.98075724717847,0.0,fibroblast
-156.7394497707217,-103.5560722831229,0.0,fibroblast
153.65018516551007,-178.15872020138656,0.0,fibroblast
192.1489066394893,141.67047648439268,0.0,fibroblast
45.227427464431095,209.99106050641453,0.0,fibroblast
103.68213911139902,139.74697165653495,0.0,fibroblast
-123.15901265812766,-3.1803218346836553,0.0,fibroblast
76.92749421346562,257.37161683070747,0.0,fibroblast
2.186344842915425,-105.21471587189868,0.0,fibroblast
-165.5353854545332,122.61633215879853,0.0,fibroblast
54.72046742692763,-27.480375338008173,0.0,fibroblast
-63.29595946283999,-109.18778235038786,0.0,fibroblast
-175.63528420699646,-86.91863725448721,0.0,fibroblast
-82.2725770901909,-199.3645534857488,0.0,fibroblast
-135.05969468952088,100.51514947419484,0.0,fibroblast
260.16956116747355,-82.70807536696903,0.0,fibroblast
-202.33250269489628,164.61782657314137,0.0,fibroblast
-5.686142446295928,229.0471994822765,0.0,fibroblast
-165.11459442263305,103.7208349941302,0.0,fibroblast
198.0722904689421,142.16186509953368,0.0,fibroblast
-194.1933309477327,7.729278299860964,0.0,fibroblast
-247.90237906992076,114.15189508583501,0.0,fibroblast
-30.2909696532944,-23.878876311933727,0.0,fibroblast
17.34046056630572,204.21754156666904,0.0,fibroblast
5.352679871181084,-111.5792488420259,0.0,fibroblast
-162.0314754541419,158.37765660715473,0.0,fibroblast
14.028542563928559,179.7152557768162,0.0,fibroblast
146.1887788027639,-87.89928181198204,0.0,fibroblast
-79.55468824856534,-208.60424747041307,0.0,fibroblast
-183.39683774015072,201.25304193567868,0.0,fibroblast
30.505564857021806,-81.12258389772197,0.0,fibroblast
155.39636237580424,-218.18254136486377,0.0,fibroblast
-87.17437322205016,-86.41169188960455,0.0,fibroblast
57.39748784276011,183.88821853123392,0.0,fibroblast
-51.57439218945976,-145.32143427488433,0.0,fibroblast
55.997011895442014,-7.349544165337299,0.0,fibroblast
43.3640120407267,-174.24338607500673,0.0,fibroblast
47.18214313217189,37.1203943982729,0.0,fibroblast
-1.9278686478398475,-142.8774311876824,0.0,fibroblast
-147.8032693632321,50.45673759595584,0.0,fibroblast
-171.8931600733706,-211.339574681438,0.0,fibroblast
-44.21131409841252,-232.54959442327208,0.0,fibroblast
-38.12907091667547,117.0718356158219,0.0,fibroblast
69.7023050362086,3.02929166843837,0.0,fibroblast
93.90039650161026,-49.18616340156913,0.0,fibroblast
-177.98125165483003,-101.98354415287511,0.0,fibroblast
123.73032049974306,197.54326119300512,0.0,fibroblast
-37.04885353998627,117.89830065497253,0.0,fibroblast
76.68665566843033,226.2240765038685,0.0,fibroblast
46.57657290831229,103.15110332371947,0.0,fibroblast
-134.72610930879722,-50.526364893635034,0.0,fibroblast
48.86606557412144,-105.36074436180455,0.0,fibroblast
54.752621908649836,81.75745071531836,0.0,fibroblast
165.12110293073178,45.25096947716693,0.0,fibroblast
44.87547467675038,165.37872674089195,0.0,fibroblast
-150.22121124993774,-128.51700111786406,0.0,fibroblast
-212.2785817614995,-133.6029125302969,0.0,fibroblast
-271.6694659568378,-8.441243259294472,0.0,fibroblast
-250.4549757326153,-73.1470212226833,0.0,fibroblast
211.1933771229325,25.077447601258875,0.0,fibroblast
160.37265708033672,69.12177310241623,0.0,fibroblast
206.433168181893,-160.25912218597398,0.0,fibroblast
-26.43535139916784,-95.49377307245591,0.0,fibroblast
19.727488225621133,156.52157503899136,0.0,fibroblast
66.8298856719554,-24.79197985898068,0.0,fibroblast
181.7274531579827,-1.5876483071819198,0.0,fibroblast
-166.9970755985538,-66.12387042023364,0.0,fibroblast
-152.50821214105775,-5.175799180448556,0.0,fibroblast
-158.70441623212733,136.41997776648464,0.0,fibroblast
251.10871839789266,98.14823047741153,0.0,fibroblast
194.18839743050168,-69.09450882831501,0.0,fibroblast
49.08432006999568,117.73112036771943,0.0,fibroblast
75.85905178363595,91.0903962147492,0.0,fibroblast
114.26251791573992,184.43979265722456,0.0,fibroblast
29.189627620989178,126.20884223170533,0.0,fibroblast
-110.03789262788418,-155.5785680308245,0.0,fibroblast
-142.8599315204581,112.7983655829805,0.0,fibroblast
217.69403170868307,-103.38921125557526,0.0,fibroblast
-191.36010080352554,29.070418250585572,0.0,fibroblast
182.9459132603367,-25.41698860271698,0.0,fibroblast
-154.45757929813354,-111.35371667909376,0.0,fibroblast
-144.96683497918477,-229.74413462684925,0.0,fibroblast
-129.41076632145436,116.0103374301766,0.0,fibroblast
-229.0793048510504,-12.697600094610955,0.0,fibroblast
87.74949398278756,78.4840805691427,0.0,fibroblast
233.6071811005247,98.01914184396786,0.0,fibroblast
113.60899177000807,75.67724699561764,0.0,fibroblast
-104.86331131964583,32.45916250555719,0.0,fibroblast
-246.0852735740249,65.87064393307885,0.0,fibroblast
-100.22112208314047,-46.13328124291138,0.0,fibroblast
-117.36329200598047,46.49750274319825,0.0,fibroblast
-142.17224934656323,-90.87354293898,0.0,fibroblast
72.45700039030274,-131.74192259088252,0.0,fibroblast
-132.35131038754096,-102.66448479797533,0.0,fibroblast
92.56791648305823,-187.56305300698241,0.0,fibroblast
33.974849460891335,-157.49268386144868,0.0,fibroblast
196.59492255084533,52.32834315909889,0.0,fibroblast
203.537445019997,-89.59012187068235,0.0,fibroblast
57.88037777914146,-162.91682369730214,0.0,fibroblast
137.3371414829805,16.203463681257038,0.0,fibroblast
-37.50132108991971,-217.69440037826814,0.0,fibroblast
178.7587685729488,-7.021037177728356,0.0,fibroblast
69.81440715034296,-30.633511074191805,0.0,fibroblast
-216.7503928872633,-91.69348311178415,0.0,fibroblast
-1.3802841517726117,250.20734117891095,0.0,fibroblast
4.918186980679883,142.9497287770179,0.0,fibroblast
-133.8917272619473,-22.50650051009459,0.0,fibroblast
195.0415457036754,-177.69530154894423,0.0,fibroblast
-191.0314796609384,-152.91418409959155,0.0,fibroblast
92.41726385359134,201.0990764348866,0.0,fibroblast
42.78964127979653,-169.55986026513668,0.0,fibroblast
213.86138998137022,131.87728444208565,0.0,fibroblast
171.11745119244083,171.916855354538,0.0,fibroblast
-209.24733486545617,-11.86645388697525,0.0,fibroblast
23.209535674821993,169.07608402720066,0.0,fibroblast
-110.64072647850638,240.0967627227371,0.0,fibroblast
96.37143688185473,80.41624179909553,0.0,fibroblast
-201.0803689824038,61.77097528780809,0.0,fibroblast
-206.99911373208428,122.26151354928898,0.0,fibroblast
-137.4376066100208,132.2885250332718,0.0,fibroblast
-135.17400965199187,190.209419372234,0.0,fibroblast
-2.6163080095295346,162.02570719958908,0.0,fibroblast
-201.6719196257502,48.93049298335222,0.0,fibroblast
106.51872003434922,122.06518729415362,0.0,fibroblast
-33.92158281853147,-86.06323022216357,0.0,fibroblast
-65.18096419374946,194.09059788755872,0.0,fibroblast
266.3724341100336,52.21733520309609,0.0,fibroblast
-36.355897894345496,-111.40178816224997,0.0,fibroblast
-252.41911043946078,-87.95307091526493,0.0,fibroblast
-5.750554497446179,-207.20030675078408,0.0,fibroblast
115.97702636396053,191.6325298294106,0.0,fibroblast
42.67007857942048,-260.39393680349065,0.0,fibroblast
133.59084995748356,170.52699620272207,0.0,fibroblast
-242.17794242796384,-60.569512948955726,0.0,fibroblast
-195.7993101600352,95.83119024601346,0.0,fibroblast
-171.03136118047712,-176.20715173970015,0.0,fibroblast
-125.7455032872499,77.94259309825351,0.0,fibroblast
-153.79107954919863,22.089642789341525,0.0,fibroblast
-144.6512770537947,47.12061164912161,0.0,fibroblast
120.62366891619757,130.3872589332437,0.0,fibroblast
52.53431221391211,-20.350401742797004,0.0,fibroblast
220.17355114854226,74.32992294519411,0.0,fibroblast
-116.48175290105301,80.75074178511953,0.0,fibroblast
53.74452574422525,-4.794158690082098,0.0,fibroblast
-40.62115163837189,258.53519648342075,0.0,fibroblast
-79.60425100751057,225.7642842112947,0.0,fibroblast
3.423205311298491,129.95584917191485,0.0,fibroblast
-96.78554804358315,-85.78176645567466,0.0,fibroblast
-235.6586515802347,-49.12548604911213,0.0,fibroblast
146.6325494332498,42.44225976531492,0.0,fibroblast
74.58475378487626,132.6261643163505,0.0,fibroblast
-36.14574575233187,100.23491968347432,0.0,fibroblast
-192.72375247390124,-134.80253360305423,0.0,fibroblast
230.77281585437467,-128.33855856935344,0.0,fibroblast
-171.8170978888781,-65.86680347836187,0.0,fibroblast
64.43611436576752,-148.95292407465814,0.0,fibroblast
79.5371963693937,-236.3022360235617,0.0,fibroblast
174.16153016611625,8.11687887096469,0.0,fibroblast
238.72242682166416,-99.55693180763011,0.0,fibroblast
-15.254317212841334,-134.16395792854996,0.0,fibroblast
-51.24327928800825,204.01675742838611,0.0,fibroblast
-58.32171926584879,-40.91952029804105,0.0,fibroblast
181.53372096464207,-84.47269070561292,0.0,fibroblast
37.00356323569864,88.03932601094277,0.0,fibroblast
-195.88192362338268,-68.64692009935779,0.0,fibroblast
-112.70704291090331,226.7798344545933,0.0,fibroblast
201.9422511748331,-127.417169030566,0.0,fibroblast
-175.9137543397406,-37.45626382034102,0.0,fibroblast
17.567708143597812,257.4167497967822,0.0,fibroblast
73.93041280054256,-220.15405730115833,0.0,fibroblast
-123.02681456418455,-78.72494217766956,0.0,fibroblast
49.07640539777433,-249.88918262675102,0.0,fibroblast
224.21404873890404,22.429214516168415,0.0,fibroblast
10.365102419622918,116.63171455579935,0.0,fibroblast
-197.4251002065014,23.608092630022284,0.0,fibroblast
-189.7588535472772,-104.27236520762486,0.0,fibroblast
-204.7556463389859,132.31946984738,0.0,fibroblast
-117.63437944813714,210.33253864770424,0.0,fibroblast
47.35910840357841,-3.3510395118848195,0.0,fibroblast
-91.04493155045932,-61.728287808967636,0.0,fibroblast
129.84359239847615,77.58816132287927,0.0,fibroblast
269.67980136698975,11.030339657850087,0.0,fibroblast
65.11551010816106,-51.22878583828721,0.0,fibroblast
178.4766171935791,113.60466353482195,0.0,fibroblast
-23.290851224102248,-75.95377340215916,0.0,fibroblast
-71.94629740364017,85.1643173090997,0.0,fibroblast
-126.9840014336962,-236.63882460849402,0.0,fibroblast
26.907011490019432,139.92609721259026,0.0,fibroblast
-36.52975191977134,-245.19219407188868,0.0,fibroblast
-66.79063888097544,27.22200290529848,0.0,fibroblast
-47.28648839156398,-187.03057226515287,0.0,fibroblast
-185.68926367146148,-47.99423003878505,0.0,fibroblast
153.62787749173228,166.5877639680456,0.0,fibroblast
41.80376102144672,-128.67610028617258,0.0,fibroblast
162.9567042693223,114.12754238349477,0.0,fibroblast
151.17142227882815,-34.76111914192301,0.0,fibroblast
-50.407568535815464,98.15178867993811,0.0,fibroblast
-10.329750074898106,254.05135916870515,0.0,fibroblast
114.79293726719422,-143.47175172343796,0.0,fibroblast
-65.27850033729366,-225.00809863350796,0.0,fibroblast
224.08780306020145,-126.87007843219178,0.0,fibroblast
-130.19130119367088,184.97248317423623,0.0,fibroblast
35.30598158667092,-40.297228620242855,0.0,fibroblast
-166.87053825518387,117.99928877053553,0.0,fibroblast
7.1569427519795425,-110.1652414405016,0.0,fibroblast
75.08176323026977,-43.54701134018544,0.0,fibroblast
48.70596373011404,130.407978960513,0.0,fibroblast
-104.19013899492454,-227.23713505696128,0.0,fibroblast
165.4025657684633,-172.28240478972717,0.0,fibroblast
223.7379081249684,36.418568257108305,0.0,fibroblast
-85.83168583808923,-151.87924525796976,0.0,fibroblast
169.12945321453662,-71.14496290749379,0.0,fibroblast
107.36156331082415,150.52451344562206,0.0,fibroblast
43.295610195926315,68.27323249022264,0.0,fibroblast
175.8088927011212,-147.09390354497432,0.0,fibroblast
157.643796236359,-83.60624401278787,0.0,fibroblast
-116.16751395972436,232.18376429200381,0.0,fibroblast
-36.91074726094915,-231.44056290484056,0.0,fibroblast
-85.78704294573855,72.02511873549994,0.0,fibroblast
-105.82884691249687,-62.396904304255564,0.0,fibroblast
-47.38890027189014,-13.851708274827164,0.0,fibroblast
-37.87773875471339,-3.1533032046577234,0.0,fibroblast
-133.52556471694604,209.79281101399152,0.0,fibroblast
-56.7581538215679,-131.97999891862096,0.0,fibroblast
267.88942566779565,42.37952378592017,0.0,fibroblast
-161.18148192404425,24.325650339928387,0.0,fibroblast
204.6498053096015,86.4864430924353,0.0,fibroblast
176.26059821602908,108.56427803216889,0.0,fibroblast
86.86142149416249,-200.0086252051606,0.0,fibroblast
-181.64511588032977,120.81242166351088,0.0,fibroblast
-157.93396220697917,-130.1598191903543,0.0,fibroblast
114.52528292509783,-227.07656101635558,0.0,fibroblast
-132.9369886154112,-100.71279425431814,0.0,fibroblast
-71.70470826159848,109.3898848114429,0.0,fibroblast
176.81104860534725,-78.88318194123536,0.0,fibroblast
175.65142210106578,93.3041140181502,0.0,fibroblast
110.41414481548163,113.44069155254913,0.0,fibroblast
2.598937545051718,-138.67394067183483,0.0,fibroblast
213.9762748383548,-43.838923342623474,0.0,fibroblast
44.244973437765836,-88.12602229852145,0.0,fibroblast
108.57949782780413,235.31731810863081,0.0,fibroblast
-215.93196694020088,-116.61025739769707,0.0,fibroblast
66.54940414808192,-193.79160163950695,0.0,fibroblast
-27.161924612846054,-151.87345810563335,0.0,fibroblast
112.07206835422797,202.22333899211623,0.0,fibroblast
66.73818417070353,-49.526153438319376,0.0,fibroblast
123.63386415483319,-149.89402856168482,0.0,fibroblast
-124.98437700046898,179.02846188667237,0.0,fibroblast
-238.70011303776286,-105.85271870711898,0.0,fibroblast
47.2063973638027,-19.919044686263334,0.0,fibroblast
-39.74348305960933,-62.91043156883762,0.0,fibroblast
184.7546525194526,133.03165427036043,0.0,fibroblast
263.7874314564393,-11.189234130521024,0.0,fibroblast
-82.34774082745325,-229.44066705874465,0.0,fibroblast
-213.27567027052368,-39.345290001924106,0.0,fibroblast
-181.52316076186582,-182.55398238004463,0.0,fibroblast
-2.876682208476525,-269.65833693032414,0.0,fibroblast
199.80452816319945,-51.96158284747526,0.0,fibroblast
110.70671761374295,-134.10687087025948,0.0,fibroblast
-104.51892158170435,-223.94246021954118,0.0,fibroblast
-247.25253616792293,-33.890538591924965,0.0,fibroblast
-240.36011826092678,-102.89539577670168,0.0,fibroblast
-65.44676920344733,-16.08565630623454,0.0,fibroblast
182.60334612412302,-162.21963862655645,0.0,fibroblast
53.051103109466446,-85.98277277122625,0.0,fibroblast
204.5310324156628,169.45564289467399,0.0,fibroblast
145.53277607302562,171.72865010499405,0.0,fibroblast
193.55808230255982,-181.35120005736147,0.0,fibroblast
55.08838300804758,95.17092106417559,0.0,fibroblast
-202.95096554017027,128.94181211249082,0.0,fibroblast
140.1764271826967,-203.51244740676296,0.0,fibroblast
267.9195483817924,30.192249416062843,0.0,fibroblast
-114.40737763754478,151.09395214544486,0.0,fibroblast
-8.259942237040455,-12.807963921214427,0.0,fibroblast
68.7822852121937,209.75160450700724,0.0,fibroblast
99.68427506826691,-161.89396300930954,0.0,fibroblast
-126.76735352977896,232.87846919886044,0.0,fibroblast
73.6474351468681,87.88952191719181,0.0,fibroblast
-265.4922531638144,15.793903198674357,0.0,fibroblast
-203.280173762856,79.16207573834667,0.0,fibroblast
-143.77941616918272,-176.55136157129408,0.0,fibroblast
212.4129734079234,-139.27522954759237,0.0,fibroblast
-65.79501857787764,-183.8000042981781,0.0,fibroblast
-59.04681849882321,131.7205616629281,0.0,fibroblast
-159.2316768651023,-130.70668185952573,0.0,fibroblast
120.3588087827927,-95.96439471936925,0.0,fibroblast
171.55888457465755,-136.55122391386027,0.0,fibroblast
-173.1711369920338,112.80142397408426,0.0,fibroblast
-128.3423300213823,-118.3353856694678,0.0,fibroblast
-35.38087701083114,74.6676012789916,0.0,fibroblast
-203.9741490256436,168.83092440918819,0.0,fibroblast
-52.59946395812769,258.93209326063896,0.0,fibroblast
49.449198057200306,238.23341414456246,0.0,fibroblast
-49.83516485167811,-52.51733146811052,0.0,fibroblast
-171.22506604245382,183.87344935046693,0.0,fibroblast
-175.5281869260461,-130.0626977809025,0.0,fibroblast
7.183436539020794,-78.35830981585862,0.0,fibroblast
-14.180372603834062,-212.15650900725194,0.0,fibroblast
-109.452403849965,207.6723800773018,0.0,fibroblast
270.56565969023006,-9.850848473570911,0.0,fibroblast
167.2473642260354,-141.31717711578676,0.0,fibroblast
-173.56616574597854,-80.64997421767029,0.0,fibroblast
138.12436462066043,45.286576333214626,0.0,fibroblast
140.80142408933955,-196.710257308964,0.0,fibroblast
172.7139355144438,162.4702452307907,0.0,fibroblast
-91.35701479149158,-197.58843549646872,0.0,fibroblast
-229.38810683862886,-21.122037097865498,0.0,fibroblast
-12.363832850837383,-163.71453172679446,0.0,fibroblast
-152.76674105179367,-139.2349917534417,0.0,fibroblast
-79.18527541160644,-10.15653463407505,0.0,fibroblast
-150.82243801979862,-40.4055214280212,0.0,fibroblast
225.31263732205588,44.00636719472967,0.0,fibroblast
77.15470371296118,95.44469040613043,0.0,fibroblast
