<PhysiCell_settings version="devel-version">
	<domain>
		<x_min>-1000</x_min>
		<x_max>1000</x_max>
		<y_min>-1000</y_min>
		<y_max>1000</y_max>
		<z_min>-10</z_min>
		<z_max>10</z_max>
		<dx>20</dx>
		<dy>20</dy>
		<dz>20</dz>
		<use_2D>true</use_2D>
	</domain>
	
	<overall>
		<max_time units="min">2880</max_time> 
		<time_units>min</time_units>
		<space_units>micron</space_units>
	
		<dt_diffusion units="min">0.01</dt_diffusion>
		<dt_mechanics units="min">0.1</dt_mechanics>
		<dt_phenotype units="min">6</dt_phenotype>	
	</overall>
	
	<parallel>
		<omp_num_threads>4</omp_num_threads>
	</parallel> 
	
	<save>
		<folder>output</folder>  

		<full_data>
			<interval units="min">2</interval>
			<enable>true</enable>
		</full_data>
		
		<SVG>
			<interval units="min">2</interval>
			<enable>true</enable>
		</SVG>
		
		<legacy_data>
			<enable>false</enable>
		</legacy_data>
	</save>
	
	<options>
		<legacy_random_points_on_sphere_in_divide>false</legacy_random_points_on_sphere_in_divide>
		<virtual_wall_at_domain_edge>true</virtual_wall_at_domain_edge>		
	</options>	

	<microenvironment_setup>
		<variable name="director signal" units="dimensionless" ID="0">
			<physical_parameter_set>
				<diffusion_coefficient units="micron^2/min">1000</diffusion_coefficient>
				<decay_rate units="1/min">.1</decay_rate>  
			</physical_parameter_set>
			<initial_condition units="dimensionless">0</initial_condition>
			<Dirichlet_boundary_condition units="dimensionless" enabled="false">1</Dirichlet_boundary_condition>
		</variable>
		
		<variable name="cargo signal" units="dimensionless" ID="1">
			<physical_parameter_set>
				<diffusion_coefficient units="micron^2/min">1000</diffusion_coefficient>
				<decay_rate units="1/min">.4</decay_rate>  
			</physical_parameter_set>
			<initial_condition units="dimensionless">0</initial_condition>
			<Dirichlet_boundary_condition units="dimensionless" enabled="false">1</Dirichlet_boundary_condition>
		</variable>
		
		<options>
			<calculate_gradients>true</calculate_gradients>
			<track_internalized_substrates_in_each_agent>false</track_internalized_substrates_in_each_agent>
			 
			<initial_condition type="matlab" enabled="false">
				<filename>./config/initial.mat</filename>
			</initial_condition>
			 
			<dirichlet_nodes type="matlab" enabled="false">
				<filename>./config/dirichlet.mat</filename>
			</dirichlet_nodes>
		</options>
	</microenvironment_setup>
	
	<cell_definitions>
        <cell_definition name="default" ID="0">
        <phenotype>
            <cycle code="5" name="live">  
                <phase_transition_rates units="1/min"> 
                    <rate start_index="0" end_index="0" fixed_duration="false">0.0</rate>
                </phase_transition_rates>
            </cycle>
            <death>  
                <model code="100" name="apoptosis"> 
                    <death_rate units="1/min">0</death_rate>
                    <phase_durations units="min">
                        <duration index="0" fixed_duration="true">516</duration>
                    </phase_durations>
                    <parameters>
                        <unlysed_fluid_change_rate units="1/min">0.05</unlysed_fluid_change_rate>
                        <lysed_fluid_change_rate units="1/min">0</lysed_fluid_change_rate>
                        <cytoplasmic_biomass_change_rate units="1/min">1.66667e-02</cytoplasmic_biomass_change_rate>
                        <nuclear_biomass_change_rate units="1/min">5.83333e-03</nuclear_biomass_change_rate>
                        <calcification_rate units="1/min">0</calcification_rate>
                        <relative_rupture_volume units="dimensionless">2.0</relative_rupture_volume>
                    </parameters>
                </model> 
                <model code="101" name="necrosis">
                    <death_rate units="1/min">0.0</death_rate>
                    <phase_durations units="min">
                        <duration index="0" fixed_duration="true">0</duration>
                        <duration index="1" fixed_duration="true">86400</duration>
                    </phase_durations>
                    <parameters>
                        <unlysed_fluid_change_rate units="1/min">0.05</unlysed_fluid_change_rate>
                        <lysed_fluid_change_rate units="1/min">0</lysed_fluid_change_rate>
                        <cytoplasmic_biomass_change_rate units="1/min">1.66667e-02</cytoplasmic_biomass_change_rate>
                        <nuclear_biomass_change_rate units="1/min">5.83333e-03</nuclear_biomass_change_rate>
                        <calcification_rate units="1/min">0</calcification_rate>
                        <relative_rupture_volume units="dimensionless">2.0</relative_rupture_volume>
                    </parameters>
                </model> 
            </death>					
            <volume>  
                <total units="micron^3">2494</total>
                <fluid_fraction units="dimensionless">0.75</fluid_fraction>
                <nuclear units="micron^3">540</nuclear>
                
                <fluid_change_rate units="1/min">0.05</fluid_change_rate>
                <cytoplasmic_biomass_change_rate units="1/min">0.0045</cytoplasmic_biomass_change_rate>
                <nuclear_biomass_change_rate units="1/min">0.0055</nuclear_biomass_change_rate>
                
                <calcified_fraction units="dimensionless">0</calcified_fraction>
                <calcification_rate units="1/min">0</calcification_rate>
                
                <relative_rupture_volume units="dimensionless">2.0</relative_rupture_volume>
            </volume> 				
            <mechanics> 
                <cell_cell_adhesion_strength units="micron/min">0.4</cell_cell_adhesion_strength>
                <cell_cell_repulsion_strength units="micron/min">10.0</cell_cell_repulsion_strength>
                <relative_maximum_adhesion_distance units="dimensionless">1.25</relative_maximum_adhesion_distance>
                <options>
                    <set_relative_equilibrium_distance enabled="false" units="dimensionless">1.8</set_relative_equilibrium_distance>
                    <set_absolute_equilibrium_distance enabled="false" units="micron">15.12</set_absolute_equilibrium_distance>
                </options>
            </mechanics>
            <motility>  
                <speed units="micron/min">1</speed>
                <persistence_time units="min">1</persistence_time>
                <migration_bias units="dimensionless">.5</migration_bias>
                
                <options>
                    <enabled>false</enabled>
                    <use_2D>true</use_2D>
                    <chemotaxis>
                        <enabled>false</enabled>
                        <substrate>director signal</substrate>
                        <direction>1</direction>
                    </chemotaxis>
                </options>
            </motility>
            <secretion>
                <substrate name="director signal">
                    <secretion_rate units="1/min">0</secretion_rate>
                    <secretion_target units="substrate density">1</secretion_target>
                    <uptake_rate units="1/min">0</uptake_rate>
                    <net_export_rate units="total substrate/min">0</net_export_rate> 
                </substrate> 
                <substrate name="cargo signal">
                    <secretion_rate units="1/min">0</secretion_rate>
                    <secretion_target units="substrate density">1</secretion_target>
                    <uptake_rate units="1/min">0</uptake_rate>
                    <net_export_rate units="total substrate/min">0</net_export_rate> 
                </substrate> 					
            </secretion>
            <molecular />
        </phenotype>
        <custom_data>  
            <receptor units="dimensionless">0.0</receptor> 
        </custom_data>
    </cell_definition>

		<cell_definition name="director cell" ID="1" visible="true">
			<phenotype>
				<cycle code="5" name="live">  
					<phase_transition_rates units="1/min"> 
						<rate start_index="0" end_index="0" fixed_duration="false">0.0</rate>
					</phase_transition_rates>
				</cycle>
				
				<death>  
					<model code="100" name="apoptosis"> 
						<death_rate units="1/min">0</death_rate>
						<phase_durations units="min">
							<duration index="0" fixed_duration="true">516</duration>
						</phase_durations>
						<parameters>
							<unlysed_fluid_change_rate units="1/min">0.05</unlysed_fluid_change_rate>
							<lysed_fluid_change_rate units="1/min">0</lysed_fluid_change_rate>
							<cytoplasmic_biomass_change_rate units="1/min">1.66667e-02</cytoplasmic_biomass_change_rate>
							<nuclear_biomass_change_rate units="1/min">5.83333e-03</nuclear_biomass_change_rate>
							<calcification_rate units="1/min">0</calcification_rate>
							<relative_rupture_volume units="dimensionless">2.0</relative_rupture_volume>
						</parameters>
					</model> 

					<model code="101" name="necrosis">
						<death_rate units="1/min">0.0</death_rate>
						<phase_durations units="min">
							<duration index="0" fixed_duration="true">0</duration>
							<duration index="1" fixed_duration="true">86400</duration>
						</phase_durations>
						
						<parameters>
							<unlysed_fluid_change_rate units="1/min">0.05</unlysed_fluid_change_rate>
							<lysed_fluid_change_rate units="1/min">0</lysed_fluid_change_rate>
							<cytoplasmic_biomass_change_rate units="1/min">1.66667e-02</cytoplasmic_biomass_change_rate>
							<nuclear_biomass_change_rate units="1/min">5.83333e-03</nuclear_biomass_change_rate>
							<calcification_rate units="1/min">0</calcification_rate>
							<relative_rupture_volume units="dimensionless">2.0</relative_rupture_volume>
						</parameters>
					</model> 
				</death>					

				<volume>  
					<total units="micron^3">2494</total>
					<fluid_fraction units="dimensionless">0.75</fluid_fraction>
					<nuclear units="micron^3">540</nuclear>
					
					<fluid_change_rate units="1/min">0.05</fluid_change_rate>
					<cytoplasmic_biomass_change_rate units="1/min">0.0045</cytoplasmic_biomass_change_rate>
					<nuclear_biomass_change_rate units="1/min">0.0055</nuclear_biomass_change_rate>
					
					<calcified_fraction units="dimensionless">0</calcified_fraction>
					<calcification_rate units="1/min">0</calcification_rate>
					
					<relative_rupture_volume units="dimensionless">2.0</relative_rupture_volume>
				</volume> 				
				
				<mechanics> 
					<cell_cell_adhesion_strength units="micron/min">0.4</cell_cell_adhesion_strength>
					<cell_cell_repulsion_strength units="micron/min">10.0</cell_cell_repulsion_strength>
					<relative_maximum_adhesion_distance units="dimensionless">1.25</relative_maximum_adhesion_distance>
					
					<options>
						<set_relative_equilibrium_distance enabled="false" units="dimensionless">1.8</set_relative_equilibrium_distance>
						<set_absolute_equilibrium_distance enabled="false" units="micron">15.12</set_absolute_equilibrium_distance>
					</options>
				</mechanics>
				
				<motility>  
					<speed units="micron/min">1</speed>
					<persistence_time units="min">1</persistence_time>
					<migration_bias units="dimensionless">.5</migration_bias>
					
					<options>
						<enabled>false</enabled>
						<use_2D>true</use_2D>
						<chemotaxis>
							<enabled>false</enabled>
							<substrate>director signal</substrate>
							<direction>1</direction>
						</chemotaxis>
					</options>
				</motility>
				
				<secretion>
					<substrate name="director signal">
						<secretion_rate units="1/min">9.9</secretion_rate>
						<secretion_target units="substrate density">1</secretion_target>
						<uptake_rate units="1/min">0</uptake_rate>
						<net_export_rate units="total substrate/min">0</net_export_rate> 
					</substrate> 
					
					<substrate name="cargo signal">
						<secretion_rate units="1/min">0</secretion_rate>
						<secretion_target units="substrate density">1</secretion_target>
						<uptake_rate units="1/min">0</uptake_rate>
						<net_export_rate units="total substrate/min">0</net_export_rate> 
					</substrate> 					
				</secretion>

				<molecular />
			</phenotype>
			<custom_data>  
				<receptor units="dimensionless">0.0</receptor> 
			</custom_data>
		</cell_definition>
		
		<cell_definition name="cargo cell" ID="2" visible="true">
			<phenotype>
				<cycle code="5" name="live">  
					<phase_transition_rates units="1/min"> 
						<rate start_index="0" end_index="0" fixed_duration="false">0.0</rate>
					</phase_transition_rates>
				</cycle>
				<death>  
					<model code="100" name="apoptosis"> 
						<death_rate units="1/min">0</death_rate>
						<phase_durations units="min">
							<duration index="0" fixed_duration="true">516</duration>
						</phase_durations>
						<parameters>
							<unlysed_fluid_change_rate units="1/min">0.05</unlysed_fluid_change_rate>
							<lysed_fluid_change_rate units="1/min">0</lysed_fluid_change_rate>
							<cytoplasmic_biomass_change_rate units="1/min">1.66667e-02</cytoplasmic_biomass_change_rate>
							<nuclear_biomass_change_rate units="1/min">5.83333e-03</nuclear_biomass_change_rate>
							<calcification_rate units="1/min">0</calcification_rate>
							<relative_rupture_volume units="dimensionless">2.0</relative_rupture_volume>
						</parameters>
					</model> 

					<model code="101" name="necrosis">
						<death_rate units="1/min">0.0</death_rate>
						<phase_durations units="min">
							<duration index="0" fixed_duration="true">0</duration>
							<duration index="1" fixed_duration="true">86400</duration>
						</phase_durations>
						<parameters>
							<unlysed_fluid_change_rate units="1/min">0.05</unlysed_fluid_change_rate>
							<lysed_fluid_change_rate units="1/min">0</lysed_fluid_change_rate>
							<cytoplasmic_biomass_change_rate units="1/min">1.66667e-02</cytoplasmic_biomass_change_rate>
							<nuclear_biomass_change_rate units="1/min">5.83333e-03</nuclear_biomass_change_rate>
							<calcification_rate units="1/min">0</calcification_rate>
							<relative_rupture_volume units="dimensionless">2.0</relative_rupture_volume>
						</parameters>
					</model> 
				</death>					

				<volume>  
					<total units="micron^3">2494</total>
					<fluid_fraction units="dimensionless">0.75</fluid_fraction>
					<nuclear units="micron^3">540</nuclear>
					
					<fluid_change_rate units="1/min">0.05</fluid_change_rate>
					<cytoplasmic_biomass_change_rate units="1/min">0.0045</cytoplasmic_biomass_change_rate>
					<nuclear_biomass_change_rate units="1/min">0.0055</nuclear_biomass_change_rate>
					
					<calcified_fraction units="dimensionless">0</calcified_fraction>
					<calcification_rate units="1/min">0</calcification_rate>
					
					<relative_rupture_volume units="dimensionless">2.0</relative_rupture_volume>
				</volume> 				
				
				<mechanics> 
					<cell_cell_adhesion_strength units="micron/min">0.4</cell_cell_adhesion_strength>
					<cell_cell_repulsion_strength units="micron/min">10.0</cell_cell_repulsion_strength>
					<relative_maximum_adhesion_distance units="dimensionless">1.25</relative_maximum_adhesion_distance>
					
					<options>
						<set_relative_equilibrium_distance enabled="false" units="dimensionless">1.8</set_relative_equilibrium_distance>
						<set_absolute_equilibrium_distance enabled="false" units="micron">15.12</set_absolute_equilibrium_distance>
					</options>
				</mechanics>
				
				<motility>  
					<speed units="micron/min">1</speed>
					<persistence_time units="min">1</persistence_time>
					<migration_bias units="dimensionless">.5</migration_bias>
					
					<options>
						<enabled>false</enabled>
						<use_2D>true</use_2D>
						<chemotaxis>
							<enabled>false</enabled>
							<substrate>director signal</substrate>
							<direction>1</direction>
						</chemotaxis>
					</options>
				</motility>
				
				<secretion>
					<substrate name="director signal">
						<secretion_rate units="1/min">0</secretion_rate>
						<secretion_target units="substrate density">1</secretion_target>
						<uptake_rate units="1/min">0</uptake_rate>
						<net_export_rate units="total substrate/min">0</net_export_rate> 
					</substrate> 
					
					<substrate name="cargo signal">
						<secretion_rate units="1/min">9.9</secretion_rate>
						<secretion_target units="substrate density">1</secretion_target>
						<uptake_rate units="1/min">0</uptake_rate>
						<net_export_rate units="total substrate/min">0</net_export_rate> 
					</substrate> 					
				</secretion>

				<molecular />
			</phenotype>
			<custom_data>  
				<receptor units="dimensionless">1.0</receptor> 
			</custom_data>
		</cell_definition>
		
		<cell_definition name="worker cell" ID="3" visible="true">
			<phenotype>
				<cycle code="5" name="live">  
					<phase_transition_rates units="1/min"> 
						<rate start_index="0" end_index="0" fixed_duration="false">0.0</rate>
					</phase_transition_rates>
				</cycle>
				
				<death>  
					<model code="100" name="apoptosis"> 
						<death_rate units="1/min">0</death_rate>
						<phase_durations units="min">
							<duration index="0" fixed_duration="true">516</duration>
						</phase_durations>
						<parameters>
							<unlysed_fluid_change_rate units="1/min">0.05</unlysed_fluid_change_rate>
							<lysed_fluid_change_rate units="1/min">0</lysed_fluid_change_rate>
							<cytoplasmic_biomass_change_rate units="1/min">1.66667e-02</cytoplasmic_biomass_change_rate>
							<nuclear_biomass_change_rate units="1/min">5.83333e-03</nuclear_biomass_change_rate>
							<calcification_rate units="1/min">0</calcification_rate>
							<relative_rupture_volume units="dimensionless">2.0</relative_rupture_volume>
						</parameters>
					</model> 

					<model code="101" name="necrosis">
						<death_rate units="1/min">0.0</death_rate>
						<phase_durations units="min">
							<duration index="0" fixed_duration="true">0</duration>
							<duration index="1" fixed_duration="true">86400</duration>
						</phase_durations>
						
						<parameters>
							<unlysed_fluid_change_rate units="1/min">0.05</unlysed_fluid_change_rate>
							<lysed_fluid_change_rate units="1/min">0</lysed_fluid_change_rate>
							<cytoplasmic_biomass_change_rate units="1/min">1.66667e-02</cytoplasmic_biomass_change_rate>
							<nuclear_biomass_change_rate units="1/min">5.83333e-03</nuclear_biomass_change_rate>
							<calcification_rate units="1/min">0</calcification_rate>
							<relative_rupture_volume units="dimensionless">2.0</relative_rupture_volume>
						</parameters>
					</model> 
				</death>					

				<volume>  
					<total units="micron^3">2494</total>
					<fluid_fraction units="dimensionless">0.75</fluid_fraction>
					<nuclear units="micron^3">540</nuclear>
					
					<fluid_change_rate units="1/min">0.05</fluid_change_rate>
					<cytoplasmic_biomass_change_rate units="1/min">0.0045</cytoplasmic_biomass_change_rate>
					<nuclear_biomass_change_rate units="1/min">0.0055</nuclear_biomass_change_rate>
					
					<calcified_fraction units="dimensionless">0</calcified_fraction>
					<calcification_rate units="1/min">0</calcification_rate>
					
					<relative_rupture_volume units="dimensionless">2.0</relative_rupture_volume>
				</volume> 				
				
				<mechanics> 
					<cell_cell_adhesion_strength units="micron/min">0.4</cell_cell_adhesion_strength>
					<cell_cell_repulsion_strength units="micron/min">10.0</cell_cell_repulsion_strength>
					<relative_maximum_adhesion_distance units="dimensionless">1.25</relative_maximum_adhesion_distance>
					
					<options>
						<set_relative_equilibrium_distance enabled="false" units="dimensionless">1.8</set_relative_equilibrium_distance>
						<set_absolute_equilibrium_distance enabled="false" units="micron">15.12</set_absolute_equilibrium_distance>
					</options>
				</mechanics>
				
				<motility>  
					<speed units="micron/min">5.0</speed>
					<persistence_time units="min">5.0</persistence_time>
					<migration_bias units="dimensionless">0.5</migration_bias>
					
					<options>
						<enabled>true</enabled>
						<use_2D>true</use_2D>
						<chemotaxis>
							<enabled>false</enabled>
							<substrate>director signal</substrate>
							<direction>1</direction>
						</chemotaxis>
					</options>
				</motility>
				
				<secretion>
					<substrate name="director signal">
						<secretion_rate units="1/min">0</secretion_rate>
						<secretion_target units="substrate density">1</secretion_target>
						<uptake_rate units="1/min">0</uptake_rate>
						<net_export_rate units="total substrate/min">0</net_export_rate> 
					</substrate> 
					
					<substrate name="cargo signal">
						<secretion_rate units="1/min">0</secretion_rate>
						<secretion_target units="substrate density">1</secretion_target>
						<uptake_rate units="1/min">0</uptake_rate>
						<net_export_rate units="total substrate/min">0</net_export_rate> 
					</substrate> 					
				</secretion>

				<molecular />
			</phenotype>
			<custom_data>  
				<receptor units="dimensionless">1.0</receptor> 
			</custom_data>
		</cell_definition>
		
		</cell_definitions>
	
	<initial_conditions>
		<cell_positions type="csv" enabled="false">
			<folder>./config</folder>
			<filename>cells.csv</filename>
		</cell_positions>
	</initial_conditions>		
	
	<user_parameters>
		<random_seed type="int" units="dimensionless">0</random_seed> 
		 
		<cargo_signal_D type="double" units="micron/min^2">1e3</cargo_signal_D>
		<cargo_signal_decay type="double" units="1/min">.4</cargo_signal_decay> 
		<director_signal_D type="double" units="micron/min^2">1e3</director_signal_D>
		<director_signal_decay type="double" units="1/min">.1</director_signal_decay> 
		
		<elastic_coefficient type="double" units="1/min">0.05</elastic_coefficient> 
		
		<attached_worker_migration_bias type="double" units="dimensionless">1.0</attached_worker_migration_bias>
		<unattached_worker_migration_bias type="double" units="dimensionless">0.5</unattached_worker_migration_bias>
		 
		<number_of_directors type="int" units="none">15</number_of_directors> 
		<number_of_cargo_clusters type="int" units="none">100</number_of_cargo_clusters>
		<number_of_workers type="int" units="none">50</number_of_workers>
		 
		<drop_threshold type="double" units="dimensionless">0.4</drop_threshold> 
		 
		<worker_color type="string" units="none">red</worker_color>
		<cargo_color type="string" units="none">blue</cargo_color>
		<director_color type="string" units="none">limegreen</director_color> 
	
	</user_parameters>
	
</PhysiCell_settings>