<PhysiCell_settings version="devel-version">
	<domain>
		<x_min>-100</x_min>
		<x_max>200</x_max>
		<y_min>-100</y_min>
		<y_max>100</y_max>
		<z_min>-20</z_min>
		<z_max>20</z_max>
		<dx>10</dx>
		<dy>10</dy>
		<dz>10</dz>
		<use_2D>false</use_2D>
	</domain>
	
	<overall>
		<max_time units="min">200</max_time>
		<time_units>min</time_units>
		<space_units>micron</space_units>

		<dt_diffusion units="min">0.02</dt_diffusion>
		<dt_mechanics units="min">0.1</dt_mechanics>
		<dt_phenotype units="min">0.5</dt_phenotype>	
	</overall>
	
	<parallel>
		<omp_num_threads>6</omp_num_threads>
	</parallel> 
	
	<save>
		<folder>output</folder>  

		<full_data>
			<interval units="min">10</interval>
			<enable>true</enable>
		</full_data>
		
		<SVG>
			<interval units="min">10</interval>
			<enable>true</enable>
		</SVG>
		
		<legacy_data>
			<enable>true</enable>
		</legacy_data>
	</save>

	<options>
		<legacy_random_points_on_sphere_in_divide>false</legacy_random_points_on_sphere_in_divide>
        <virtual_wall_at_domain_edge>false</virtual_wall_at_domain_edge>
	</options>	

	<microenvironment_setup>
		<variable ID="0" name="oxygen" units="dimensionless">
        <physical_parameter_set>
          <diffusion_coefficient units="micron^2/min">100000.0</diffusion_coefficient>
          <decay_rate units="1/min">.1</decay_rate>
        </physical_parameter_set>
        <initial_condition units="mmHg">38.0</initial_condition>
        <Dirichlet_boundary_condition enabled="False" units="mmHg">38.0</Dirichlet_boundary_condition>
        <Dirichlet_options>
          <boundary_value ID="xmin" enabled="False">0</boundary_value>
          <boundary_value ID="xmax" enabled="False">0</boundary_value>
          <boundary_value ID="ymin" enabled="False">0</boundary_value>
          <boundary_value ID="ymax" enabled="False">0</boundary_value>
          <boundary_value ID="zmin" enabled="False">0</boundary_value>
          <boundary_value ID="zmax" enabled="False">0</boundary_value>
        </Dirichlet_options>
        </variable>

      <options>
			<calculate_gradients>true</calculate_gradients>
			<track_internalized_substrates_in_each_agent>true</track_internalized_substrates_in_each_agent>
			 
			<initial_condition enabled="false" type="matlab">
				<filename>./config/initial.mat</filename>
			</initial_condition>
			 
			<dirichlet_nodes enabled="false" type="matlab">
				<filename>./config/dirichlet.mat</filename>
			</dirichlet_nodes>
		</options>
	</microenvironment_setup>	
		
	<cell_definitions>
		<cell_definition ID="0" name="default">
        <phenotype>
          <cycle code="2" name="flow cytometry">
            <phase_transition_rates units="1/min">
              <rate end_index="1" fixed_duration="false" start_index="0">0.0</rate>
              <rate end_index="2" fixed_duration="false" start_index="1">0.0</rate>
              <rate end_index="0" fixed_duration="false" start_index="2">0.0</rate>
            </phase_transition_rates>
            </cycle>

          <death>
            <model code="100" name="apoptosis">
              <death_rate units="1/min">0</death_rate>
              <phase_durations units="min">
                <duration fixed_duration="true" index="0">516</duration>
              </phase_durations>
              <parameters>
                <unlysed_fluid_change_rate units="1/min">0.05</unlysed_fluid_change_rate>
                <lysed_fluid_change_rate units="1/min">0</lysed_fluid_change_rate>
                <cytoplasmic_biomass_change_rate units="1/min">1.66667e-02</cytoplasmic_biomass_change_rate>
                <nuclear_biomass_change_rate units="1/min">5.83333e-03</nuclear_biomass_change_rate>
                <calcification_rate units="1/min">0</calcification_rate>
                <relative_rupture_volume units="dimensionless">2.0</relative_rupture_volume>
              </parameters>
            </model>
            <model code="101" name="necrosis">
              <death_rate units="1/min">0.0</death_rate>
              <phase_durations units="min">
                <duration fixed_duration="true" index="0">0</duration>
              <duration fixed_duration="true" index="1">86400</duration>
              </phase_durations>
              <parameters>
                <unlysed_fluid_change_rate units="1/min">0.05</unlysed_fluid_change_rate>
                <lysed_fluid_change_rate units="1/min">0</lysed_fluid_change_rate>
                <cytoplasmic_biomass_change_rate units="1/min">1.66667e-02</cytoplasmic_biomass_change_rate>
                <nuclear_biomass_change_rate units="1/min">5.83333e-03</nuclear_biomass_change_rate>
                <calcification_rate units="1/min">0</calcification_rate>
                <relative_rupture_volume units="dimensionless">2.0</relative_rupture_volume>
              </parameters>
            </model>
          </death>

          <volume>
            <total units="micron^3">1000</total>
            <fluid_fraction units="dimensionless">0.75</fluid_fraction>
            <nuclear units="micron^3">540</nuclear>
            <fluid_change_rate units="1/min">0.0</fluid_change_rate>
            <cytoplasmic_biomass_change_rate units="1/min">0.0</cytoplasmic_biomass_change_rate>
            <nuclear_biomass_change_rate units="1/min">0.0</nuclear_biomass_change_rate>
            <calcified_fraction units="dimensionless">0</calcified_fraction>
            <calcification_rate units="1/min">0</calcification_rate>
            <relative_rupture_volume units="dimensionless">2.0</relative_rupture_volume>
          </volume>

          <mechanics>
            <cell_cell_adhesion_strength units="micron/min">0</cell_cell_adhesion_strength>
            <cell_cell_repulsion_strength units="micron/min">10.0</cell_cell_repulsion_strength>
            <relative_maximum_adhesion_distance units="dimensionless">1.25</relative_maximum_adhesion_distance>
            <cell_adhesion_affinities>
                <cell_adhesion_affinity name="default">1.0</cell_adhesion_affinity>
                <cell_adhesion_affinity name="other">1.0</cell_adhesion_affinity>
                <cell_adhesion_affinity name="another">1.0</cell_adhesion_affinity>
                <cell_adhesion_affinity name="yet_another">1.0</cell_adhesion_affinity>
                <cell_adhesion_affinity name="yet_yet_another">1.0</cell_adhesion_affinity>
                <cell_adhesion_affinity name="last_one">1.0</cell_adhesion_affinity>
                </cell_adhesion_affinities>
            <options>
              <set_relative_equilibrium_distance enabled="false" units="dimensionless">1.8</set_relative_equilibrium_distance>
              <set_absolute_equilibrium_distance enabled="false" units="micron">15.12</set_absolute_equilibrium_distance>
            </options>
            <cell_BM_adhesion_strength units="micron/min">4.0</cell_BM_adhesion_strength>
            <cell_BM_repulsion_strength units="micron/min">10.0</cell_BM_repulsion_strength>
            <attachment_elastic_constant units="1/min">0.01</attachment_elastic_constant>
            <attachment_rate units="1/min">10.0</attachment_rate>
            <detachment_rate units="1/min">0.0</detachment_rate>
          </mechanics>

          <motility>
            <speed units="micron/min">0.25</speed>
            <persistence_time units="min">5</persistence_time>
            <migration_bias units="dimensionless">0.5</migration_bias>
            <options>
              <enabled>false</enabled>
              <use_2D>false</use_2D>
              <chemotaxis>
                <enabled>false</enabled>
                <substrate>oxygen</substrate>
                <direction>1</direction>
              </chemotaxis>
              <advanced_chemotaxis>
                <enabled>false</enabled>
                <normalize_each_gradient>false</normalize_each_gradient>
                <chemotactic_sensitivities>
                  <chemotactic_sensitivity substrate="oxygen">0.0</chemotactic_sensitivity>
                  </chemotactic_sensitivities>
                </advanced_chemotaxis>
            </options>
          </motility>

          <secretion>
            <substrate name="oxygen">
              <secretion_rate units="1/min">0</secretion_rate>
              <secretion_target units="substrate density">38</secretion_target>
              <uptake_rate units="1/min">10</uptake_rate>
              <net_export_rate units="total substrate/min">0</net_export_rate>
            </substrate>
            </secretion>

          <cell_interactions>
            <dead_phagocytosis_rate units="1/min">0.0</dead_phagocytosis_rate>
            <live_phagocytosis_rates>
                <phagocytosis_rate name="default" units="1/min">0.0</phagocytosis_rate>
                <phagocytosis_rate name="other" units="1/min">0.0</phagocytosis_rate>
                <phagocytosis_rate name="another" units="1/min">0.0</phagocytosis_rate>
                <phagocytosis_rate name="yet_another" units="1/min">0.0</phagocytosis_rate>
                <phagocytosis_rate name="yet_yet_another" units="1/min">0.0</phagocytosis_rate>
                <phagocytosis_rate name="last_one" units="1/min">0.0</phagocytosis_rate>
                </live_phagocytosis_rates>

            <attack_rates>
                  <attack_rate name="default" units="1/min">0.0</attack_rate>
                  <attack_rate name="other" units="1/min">0.0</attack_rate>
                  <attack_rate name="another" units="1/min">0.0</attack_rate>
                  <attack_rate name="yet_another" units="1/min">0.0</attack_rate>
                  <attack_rate name="yet_yet_another" units="1/min">0.0</attack_rate>
                  <attack_rate name="last_one" units="1/min">0.0</attack_rate>
                  </attack_rates>

            <damage_rate units="1/min">1.0</damage_rate>
            <fusion_rates>
                  <fusion_rate name="default" units="1/min">0.0</fusion_rate>
                  <fusion_rate name="other" units="1/min">0.0</fusion_rate>
                  <fusion_rate name="another" units="1/min">0.0</fusion_rate>
                  <fusion_rate name="yet_another" units="1/min">0.0</fusion_rate>
                  <fusion_rate name="yet_yet_another" units="1/min">0.0</fusion_rate>
                  <fusion_rate name="last_one" units="1/min">0.0</fusion_rate>
                  </fusion_rates>

          </cell_interactions>

          <cell_transformations>
            <transformation_rates>
                <transformation_rate name="default" units="1/min">0.0</transformation_rate>
                <transformation_rate name="other" units="1/min">0.0</transformation_rate>
                <transformation_rate name="another" units="1/min">0.0</transformation_rate>
                <transformation_rate name="yet_another" units="1/min">0.0</transformation_rate>
                <transformation_rate name="yet_yet_another" units="1/min">0.0</transformation_rate>
                <transformation_rate name="last_one" units="1/min">0.0</transformation_rate>
                </transformation_rates>
            </cell_transformations>

          <intracellular type="maboss">
            <bnd_filename>model_0.bnd</bnd_filename>
            <cfg_filename>model.cfg</cfg_filename>
            <initial_values>
              <initial_value intracellular_name="A">1</initial_value>
              <initial_value intracellular_name="C">0</initial_value>
            </initial_values>
            <settings>
              <intracellular_dt>1</intracellular_dt>
              <time_stochasticity>0.0</time_stochasticity>
              <scaling>1.0</scaling>
            </settings>
            <mapping>
              <input intracellular_name="A" physicell_name="oxygen">
                <settings>
                  <action>inhibition</action>
                  <threshold>10</threshold>
                  <smoothing>0</smoothing>
              </settings>
                </input>
              <output intracellular_name="C" physicell_name="apoptosis">
                <settings>
                  <action>activation</action>
                  <value>5</value>
                  <base_value>0</base_value>
                  <smoothing>5</smoothing>
              </settings>
              </output>
            </mapping>
            </intracellular>

          </phenotype>
        <custom_data>
          <somedata conserved="false" description="" units="dimensionless">1.0</somedata>
        </custom_data>
      </cell_definition>

      <cell_definition ID="1" name="other">
        <phenotype>
          <cycle code="2" name="flow cytometry">
            <phase_transition_rates units="1/min">
              <rate end_index="1" fixed_duration="false" start_index="0">0.0</rate>
              <rate end_index="2" fixed_duration="false" start_index="1">0.0</rate>
              <rate end_index="0" fixed_duration="false" start_index="2">0.0</rate>
            </phase_transition_rates>
            </cycle>

          <death>
            <model code="100" name="apoptosis">
              <death_rate units="1/min">0</death_rate>
              <phase_durations units="min">
                <duration fixed_duration="true" index="0">516</duration>
              </phase_durations>
              <parameters>
                <unlysed_fluid_change_rate units="1/min">0.05</unlysed_fluid_change_rate>
                <lysed_fluid_change_rate units="1/min">0</lysed_fluid_change_rate>
                <cytoplasmic_biomass_change_rate units="1/min">1.66667e-02</cytoplasmic_biomass_change_rate>
                <nuclear_biomass_change_rate units="1/min">5.83333e-03</nuclear_biomass_change_rate>
                <calcification_rate units="1/min">0</calcification_rate>
                <relative_rupture_volume units="dimensionless">2.0</relative_rupture_volume>
              </parameters>
            </model>
            <model code="101" name="necrosis">
              <death_rate units="1/min">0.0</death_rate>
              <phase_durations units="min">
                <duration fixed_duration="true" index="0">0</duration>
              <duration fixed_duration="true" index="1">86400</duration>
              </phase_durations>
              <parameters>
                <unlysed_fluid_change_rate units="1/min">0.05</unlysed_fluid_change_rate>
                <lysed_fluid_change_rate units="1/min">0</lysed_fluid_change_rate>
                <cytoplasmic_biomass_change_rate units="1/min">1.66667e-02</cytoplasmic_biomass_change_rate>
                <nuclear_biomass_change_rate units="1/min">5.83333e-03</nuclear_biomass_change_rate>
                <calcification_rate units="1/min">0</calcification_rate>
                <relative_rupture_volume units="dimensionless">2.0</relative_rupture_volume>
              </parameters>
            </model>
          </death>

          <volume>
            <total units="micron^3">1000</total>
            <fluid_fraction units="dimensionless">0.75</fluid_fraction>
            <nuclear units="micron^3">540</nuclear>
            <fluid_change_rate units="1/min">0.0</fluid_change_rate>
            <cytoplasmic_biomass_change_rate units="1/min">0.0</cytoplasmic_biomass_change_rate>
            <nuclear_biomass_change_rate units="1/min">0.0</nuclear_biomass_change_rate>
            <calcified_fraction units="dimensionless">0</calcified_fraction>
            <calcification_rate units="1/min">0</calcification_rate>
            <relative_rupture_volume units="dimensionless">2.0</relative_rupture_volume>
          </volume>

          <mechanics>
            <cell_cell_adhesion_strength units="micron/min">0</cell_cell_adhesion_strength>
            <cell_cell_repulsion_strength units="micron/min">10.0</cell_cell_repulsion_strength>
            <relative_maximum_adhesion_distance units="dimensionless">1.25</relative_maximum_adhesion_distance>
            <cell_adhesion_affinities>
                <cell_adhesion_affinity name="default">1.0</cell_adhesion_affinity>
                <cell_adhesion_affinity name="other">1.0</cell_adhesion_affinity>
                <cell_adhesion_affinity name="another">1.0</cell_adhesion_affinity>
                <cell_adhesion_affinity name="yet_another">1.0</cell_adhesion_affinity>
                <cell_adhesion_affinity name="yet_yet_another">1.0</cell_adhesion_affinity>
                <cell_adhesion_affinity name="last_one">1.0</cell_adhesion_affinity>
                </cell_adhesion_affinities>
            <options>
              <set_relative_equilibrium_distance enabled="false" units="dimensionless">1.8</set_relative_equilibrium_distance>
              <set_absolute_equilibrium_distance enabled="false" units="micron">15.12</set_absolute_equilibrium_distance>
            </options>
            <cell_BM_adhesion_strength units="micron/min">4.0</cell_BM_adhesion_strength>
            <cell_BM_repulsion_strength units="micron/min">10.0</cell_BM_repulsion_strength>
            <attachment_elastic_constant units="1/min">0.01</attachment_elastic_constant>
            <attachment_rate units="1/min">10.0</attachment_rate>
            <detachment_rate units="1/min">0.0</detachment_rate>
          </mechanics>

          <motility>
            <speed units="micron/min">0.25</speed>
            <persistence_time units="min">5</persistence_time>
            <migration_bias units="dimensionless">0.5</migration_bias>
            <options>
              <enabled>false</enabled>
              <use_2D>false</use_2D>
              <chemotaxis>
                <enabled>false</enabled>
                <substrate>oxygen</substrate>
                <direction>1</direction>
              </chemotaxis>
              <advanced_chemotaxis>
                <enabled>false</enabled>
                <normalize_each_gradient>false</normalize_each_gradient>
                <chemotactic_sensitivities>
                  <chemotactic_sensitivity substrate="oxygen">0.0</chemotactic_sensitivity>
                  </chemotactic_sensitivities>
                </advanced_chemotaxis>
            </options>
          </motility>

          <secretion>
            <substrate name="oxygen">
              <secretion_rate units="1/min">0</secretion_rate>
              <secretion_target units="substrate density">38</secretion_target>
              <uptake_rate units="1/min">10</uptake_rate>
              <net_export_rate units="total substrate/min">0</net_export_rate>
            </substrate>
            </secretion>

          <cell_interactions>
            <dead_phagocytosis_rate units="1/min">0.0</dead_phagocytosis_rate>
            <live_phagocytosis_rates>
                <phagocytosis_rate name="default" units="1/min">0.0</phagocytosis_rate>
                <phagocytosis_rate name="other" units="1/min">0.0</phagocytosis_rate>
                <phagocytosis_rate name="another" units="1/min">0.0</phagocytosis_rate>
                <phagocytosis_rate name="yet_another" units="1/min">0.0</phagocytosis_rate>
                <phagocytosis_rate name="yet_yet_another" units="1/min">0.0</phagocytosis_rate>
                <phagocytosis_rate name="last_one" units="1/min">0.0</phagocytosis_rate>
                </live_phagocytosis_rates>

            <attack_rates>
                  <attack_rate name="default" units="1/min">0.0</attack_rate>
                  <attack_rate name="other" units="1/min">0.0</attack_rate>
                  <attack_rate name="another" units="1/min">0.0</attack_rate>
                  <attack_rate name="yet_another" units="1/min">0.0</attack_rate>
                  <attack_rate name="yet_yet_another" units="1/min">0.0</attack_rate>
                  <attack_rate name="last_one" units="1/min">0.0</attack_rate>
                  </attack_rates>

            <damage_rate units="1/min">1.0</damage_rate>
            <fusion_rates>
                  <fusion_rate name="default" units="1/min">0.0</fusion_rate>
                  <fusion_rate name="other" units="1/min">0.0</fusion_rate>
                  <fusion_rate name="another" units="1/min">0.0</fusion_rate>
                  <fusion_rate name="yet_another" units="1/min">0.0</fusion_rate>
                  <fusion_rate name="yet_yet_another" units="1/min">0.0</fusion_rate>
                  <fusion_rate name="last_one" units="1/min">0.0</fusion_rate>
                  </fusion_rates>

          </cell_interactions>

          <cell_transformations>
            <transformation_rates>
                <transformation_rate name="default" units="1/min">0.0</transformation_rate>
                <transformation_rate name="other" units="1/min">0.0</transformation_rate>
                <transformation_rate name="another" units="1/min">0.0</transformation_rate>
                <transformation_rate name="yet_another" units="1/min">0.0</transformation_rate>
                <transformation_rate name="yet_yet_another" units="1/min">0.0</transformation_rate>
                <transformation_rate name="last_one" units="1/min">0.0</transformation_rate>
                </transformation_rates>
            </cell_transformations>

          <intracellular type="maboss">
            <bnd_filename>model_1.bnd</bnd_filename>
            <cfg_filename>model.cfg</cfg_filename>
            <initial_values>
              <initial_value intracellular_name="A">1</initial_value>
              <initial_value intracellular_name="C">0</initial_value>
            </initial_values>
            <settings>
              <intracellular_dt>1</intracellular_dt>
              <time_stochasticity>0.0</time_stochasticity>
              <scaling>1.0</scaling>
            </settings>
            <mapping>
              <input intracellular_name="A" physicell_name="oxygen">
                <settings>
                  <action>inhibition</action>
                  <threshold>10</threshold>
                  <smoothing>0</smoothing>
              </settings>
                </input>
              <output intracellular_name="C" physicell_name="apoptosis">
                <settings>
                  <action>activation</action>
                  <value>5</value>
                  <base_value>0</base_value>
                  <smoothing>5</smoothing>
              </settings>
              </output>
            </mapping>
            </intracellular>

          </phenotype>
        <custom_data>
          <somedata conserved="false" description="" units="dimensionless">1.0</somedata>
        </custom_data>
      </cell_definition>

      <cell_definition ID="2" name="another">
        <phenotype>
          <cycle code="2" name="flow cytometry">
            <phase_transition_rates units="1/min">
              <rate end_index="1" fixed_duration="false" start_index="0">0.0</rate>
              <rate end_index="2" fixed_duration="false" start_index="1">0.0</rate>
              <rate end_index="0" fixed_duration="false" start_index="2">0.0</rate>
            </phase_transition_rates>
            </cycle>

          <death>
            <model code="100" name="apoptosis">
              <death_rate units="1/min">0</death_rate>
              <phase_durations units="min">
                <duration fixed_duration="true" index="0">516</duration>
              </phase_durations>
              <parameters>
                <unlysed_fluid_change_rate units="1/min">0.05</unlysed_fluid_change_rate>
                <lysed_fluid_change_rate units="1/min">0</lysed_fluid_change_rate>
                <cytoplasmic_biomass_change_rate units="1/min">1.66667e-02</cytoplasmic_biomass_change_rate>
                <nuclear_biomass_change_rate units="1/min">5.83333e-03</nuclear_biomass_change_rate>
                <calcification_rate units="1/min">0</calcification_rate>
                <relative_rupture_volume units="dimensionless">2.0</relative_rupture_volume>
              </parameters>
            </model>
            <model code="101" name="necrosis">
              <death_rate units="1/min">0.0</death_rate>
              <phase_durations units="min">
                <duration fixed_duration="true" index="0">0</duration>
              <duration fixed_duration="true" index="1">86400</duration>
              </phase_durations>
              <parameters>
                <unlysed_fluid_change_rate units="1/min">0.05</unlysed_fluid_change_rate>
                <lysed_fluid_change_rate units="1/min">0</lysed_fluid_change_rate>
                <cytoplasmic_biomass_change_rate units="1/min">1.66667e-02</cytoplasmic_biomass_change_rate>
                <nuclear_biomass_change_rate units="1/min">5.83333e-03</nuclear_biomass_change_rate>
                <calcification_rate units="1/min">0</calcification_rate>
                <relative_rupture_volume units="dimensionless">2.0</relative_rupture_volume>
              </parameters>
            </model>
          </death>

          <volume>
            <total units="micron^3">1000</total>
            <fluid_fraction units="dimensionless">0.75</fluid_fraction>
            <nuclear units="micron^3">540</nuclear>
            <fluid_change_rate units="1/min">0.0</fluid_change_rate>
            <cytoplasmic_biomass_change_rate units="1/min">0.0</cytoplasmic_biomass_change_rate>
            <nuclear_biomass_change_rate units="1/min">0.0</nuclear_biomass_change_rate>
            <calcified_fraction units="dimensionless">0</calcified_fraction>
            <calcification_rate units="1/min">0</calcification_rate>
            <relative_rupture_volume units="dimensionless">2.0</relative_rupture_volume>
          </volume>

          <mechanics>
            <cell_cell_adhesion_strength units="micron/min">0</cell_cell_adhesion_strength>
            <cell_cell_repulsion_strength units="micron/min">10.0</cell_cell_repulsion_strength>
            <relative_maximum_adhesion_distance units="dimensionless">1.25</relative_maximum_adhesion_distance>
            <cell_adhesion_affinities>
                <cell_adhesion_affinity name="default">1.0</cell_adhesion_affinity>
                <cell_adhesion_affinity name="other">1.0</cell_adhesion_affinity>
                <cell_adhesion_affinity name="another">1.0</cell_adhesion_affinity>
                <cell_adhesion_affinity name="yet_another">1.0</cell_adhesion_affinity>
                <cell_adhesion_affinity name="yet_yet_another">1.0</cell_adhesion_affinity>
                <cell_adhesion_affinity name="last_one">1.0</cell_adhesion_affinity>
                </cell_adhesion_affinities>
            <options>
              <set_relative_equilibrium_distance enabled="false" units="dimensionless">1.8</set_relative_equilibrium_distance>
              <set_absolute_equilibrium_distance enabled="false" units="micron">15.12</set_absolute_equilibrium_distance>
            </options>
            <cell_BM_adhesion_strength units="micron/min">4.0</cell_BM_adhesion_strength>
            <cell_BM_repulsion_strength units="micron/min">10.0</cell_BM_repulsion_strength>
            <attachment_elastic_constant units="1/min">0.01</attachment_elastic_constant>
            <attachment_rate units="1/min">10.0</attachment_rate>
            <detachment_rate units="1/min">0.0</detachment_rate>
          </mechanics>

          <motility>
            <speed units="micron/min">0.25</speed>
            <persistence_time units="min">5</persistence_time>
            <migration_bias units="dimensionless">0.5</migration_bias>
            <options>
              <enabled>false</enabled>
              <use_2D>false</use_2D>
              <chemotaxis>
                <enabled>false</enabled>
                <substrate>oxygen</substrate>
                <direction>1</direction>
              </chemotaxis>
              <advanced_chemotaxis>
                <enabled>false</enabled>
                <normalize_each_gradient>false</normalize_each_gradient>
                <chemotactic_sensitivities>
                  <chemotactic_sensitivity substrate="oxygen">0.0</chemotactic_sensitivity>
                  </chemotactic_sensitivities>
                </advanced_chemotaxis>
            </options>
          </motility>

          <secretion>
            <substrate name="oxygen">
              <secretion_rate units="1/min">0</secretion_rate>
              <secretion_target units="substrate density">38</secretion_target>
              <uptake_rate units="1/min">10</uptake_rate>
              <net_export_rate units="total substrate/min">0</net_export_rate>
            </substrate>
            </secretion>

          <cell_interactions>
            <dead_phagocytosis_rate units="1/min">0.0</dead_phagocytosis_rate>
            <live_phagocytosis_rates>
                <phagocytosis_rate name="default" units="1/min">0.0</phagocytosis_rate>
                <phagocytosis_rate name="other" units="1/min">0.0</phagocytosis_rate>
                <phagocytosis_rate name="another" units="1/min">0.0</phagocytosis_rate>
                <phagocytosis_rate name="yet_another" units="1/min">0.0</phagocytosis_rate>
                <phagocytosis_rate name="yet_yet_another" units="1/min">0.0</phagocytosis_rate>
                <phagocytosis_rate name="last_one" units="1/min">0.0</phagocytosis_rate>
                </live_phagocytosis_rates>

            <attack_rates>
                  <attack_rate name="default" units="1/min">0.0</attack_rate>
                  <attack_rate name="other" units="1/min">0.0</attack_rate>
                  <attack_rate name="another" units="1/min">0.0</attack_rate>
                  <attack_rate name="yet_another" units="1/min">0.0</attack_rate>
                  <attack_rate name="yet_yet_another" units="1/min">0.0</attack_rate>
                  <attack_rate name="last_one" units="1/min">0.0</attack_rate>
                  </attack_rates>

            <damage_rate units="1/min">1.0</damage_rate>
            <fusion_rates>
                  <fusion_rate name="default" units="1/min">0.0</fusion_rate>
                  <fusion_rate name="other" units="1/min">0.0</fusion_rate>
                  <fusion_rate name="another" units="1/min">0.0</fusion_rate>
                  <fusion_rate name="yet_another" units="1/min">0.0</fusion_rate>
                  <fusion_rate name="yet_yet_another" units="1/min">0.0</fusion_rate>
                  <fusion_rate name="last_one" units="1/min">0.0</fusion_rate>
                  </fusion_rates>

          </cell_interactions>

          <cell_transformations>
            <transformation_rates>
                <transformation_rate name="default" units="1/min">0.0</transformation_rate>
                <transformation_rate name="other" units="1/min">0.0</transformation_rate>
                <transformation_rate name="another" units="1/min">0.0</transformation_rate>
                <transformation_rate name="yet_another" units="1/min">0.0</transformation_rate>
                <transformation_rate name="yet_yet_another" units="1/min">0.0</transformation_rate>
                <transformation_rate name="last_one" units="1/min">0.0</transformation_rate>
                </transformation_rates>
            </cell_transformations>

          <intracellular type="maboss">
            <bnd_filename>model_0.bnd</bnd_filename>
            <cfg_filename>model.cfg</cfg_filename>
            <initial_values>
              <initial_value intracellular_name="A">1</initial_value>
              <initial_value intracellular_name="C">0</initial_value>
            </initial_values>
            <settings>
              <intracellular_dt>1</intracellular_dt>
              <time_stochasticity>0.0</time_stochasticity>
              <scaling>1.0</scaling>
              <mutations>
                <mutation intracellular_name="C">0</mutation>
            </mutations>
              </settings>
            <mapping>
              <input intracellular_name="A" physicell_name="oxygen">
                <settings>
                  <action>inhibition</action>
                  <threshold>10</threshold>
                  <smoothing>0</smoothing>
              </settings>
                </input>
              <output intracellular_name="C" physicell_name="apoptosis">
                <settings>
                  <action>activation</action>
                  <value>5</value>
                  <base_value>0</base_value>
                  <smoothing>5</smoothing>
              </settings>
              </output>
            </mapping>
            </intracellular>

          </phenotype>
        <custom_data>
          <somedata conserved="false" description="" units="dimensionless">1.0</somedata>
        </custom_data>
      </cell_definition>

      <cell_definition ID="3" name="yet_another">
        <phenotype>
          <cycle code="2" name="flow cytometry">
            <phase_transition_rates units="1/min">
              <rate end_index="1" fixed_duration="false" start_index="0">0.0</rate>
              <rate end_index="2" fixed_duration="false" start_index="1">0.0</rate>
              <rate end_index="0" fixed_duration="false" start_index="2">0.0</rate>
            </phase_transition_rates>
            </cycle>

          <death>
            <model code="100" name="apoptosis">
              <death_rate units="1/min">0</death_rate>
              <phase_durations units="min">
                <duration fixed_duration="true" index="0">516</duration>
              </phase_durations>
              <parameters>
                <unlysed_fluid_change_rate units="1/min">0.05</unlysed_fluid_change_rate>
                <lysed_fluid_change_rate units="1/min">0</lysed_fluid_change_rate>
                <cytoplasmic_biomass_change_rate units="1/min">1.66667e-02</cytoplasmic_biomass_change_rate>
                <nuclear_biomass_change_rate units="1/min">5.83333e-03</nuclear_biomass_change_rate>
                <calcification_rate units="1/min">0</calcification_rate>
                <relative_rupture_volume units="dimensionless">2.0</relative_rupture_volume>
              </parameters>
            </model>
            <model code="101" name="necrosis">
              <death_rate units="1/min">0.0</death_rate>
              <phase_durations units="min">
                <duration fixed_duration="true" index="0">0</duration>
              <duration fixed_duration="true" index="1">86400</duration>
              </phase_durations>
              <parameters>
                <unlysed_fluid_change_rate units="1/min">0.05</unlysed_fluid_change_rate>
                <lysed_fluid_change_rate units="1/min">0</lysed_fluid_change_rate>
                <cytoplasmic_biomass_change_rate units="1/min">1.66667e-02</cytoplasmic_biomass_change_rate>
                <nuclear_biomass_change_rate units="1/min">5.83333e-03</nuclear_biomass_change_rate>
                <calcification_rate units="1/min">0</calcification_rate>
                <relative_rupture_volume units="dimensionless">2.0</relative_rupture_volume>
              </parameters>
            </model>
          </death>

          <volume>
            <total units="micron^3">1000</total>
            <fluid_fraction units="dimensionless">0.75</fluid_fraction>
            <nuclear units="micron^3">540</nuclear>
            <fluid_change_rate units="1/min">0.0</fluid_change_rate>
            <cytoplasmic_biomass_change_rate units="1/min">0.0</cytoplasmic_biomass_change_rate>
            <nuclear_biomass_change_rate units="1/min">0.0</nuclear_biomass_change_rate>
            <calcified_fraction units="dimensionless">0</calcified_fraction>
            <calcification_rate units="1/min">0</calcification_rate>
            <relative_rupture_volume units="dimensionless">2.0</relative_rupture_volume>
          </volume>

          <mechanics>
            <cell_cell_adhesion_strength units="micron/min">0</cell_cell_adhesion_strength>
            <cell_cell_repulsion_strength units="micron/min">10.0</cell_cell_repulsion_strength>
            <relative_maximum_adhesion_distance units="dimensionless">1.25</relative_maximum_adhesion_distance>
            <cell_adhesion_affinities>
                <cell_adhesion_affinity name="default">1.0</cell_adhesion_affinity>
                <cell_adhesion_affinity name="other">1.0</cell_adhesion_affinity>
                <cell_adhesion_affinity name="another">1.0</cell_adhesion_affinity>
                <cell_adhesion_affinity name="yet_another">1.0</cell_adhesion_affinity>
                <cell_adhesion_affinity name="yet_yet_another">1.0</cell_adhesion_affinity>
                <cell_adhesion_affinity name="last_one">1.0</cell_adhesion_affinity>
                </cell_adhesion_affinities>
            <options>
              <set_relative_equilibrium_distance enabled="false" units="dimensionless">1.8</set_relative_equilibrium_distance>
              <set_absolute_equilibrium_distance enabled="false" units="micron">15.12</set_absolute_equilibrium_distance>
            </options>
            <cell_BM_adhesion_strength units="micron/min">4.0</cell_BM_adhesion_strength>
            <cell_BM_repulsion_strength units="micron/min">10.0</cell_BM_repulsion_strength>
            <attachment_elastic_constant units="1/min">0.01</attachment_elastic_constant>
            <attachment_rate units="1/min">10.0</attachment_rate>
            <detachment_rate units="1/min">0.0</detachment_rate>
          </mechanics>

          <motility>
            <speed units="micron/min">0.25</speed>
            <persistence_time units="min">5</persistence_time>
            <migration_bias units="dimensionless">0.5</migration_bias>
            <options>
              <enabled>false</enabled>
              <use_2D>false</use_2D>
              <chemotaxis>
                <enabled>false</enabled>
                <substrate>oxygen</substrate>
                <direction>1</direction>
              </chemotaxis>
              <advanced_chemotaxis>
                <enabled>false</enabled>
                <normalize_each_gradient>false</normalize_each_gradient>
                <chemotactic_sensitivities>
                  <chemotactic_sensitivity substrate="oxygen">0.0</chemotactic_sensitivity>
                  </chemotactic_sensitivities>
                </advanced_chemotaxis>
            </options>
          </motility>

          <secretion>
            <substrate name="oxygen">
              <secretion_rate units="1/min">0</secretion_rate>
              <secretion_target units="substrate density">38</secretion_target>
              <uptake_rate units="1/min">10</uptake_rate>
              <net_export_rate units="total substrate/min">0</net_export_rate>
            </substrate>
            </secretion>

          <cell_interactions>
            <dead_phagocytosis_rate units="1/min">0.0</dead_phagocytosis_rate>
            <live_phagocytosis_rates>
                <phagocytosis_rate name="default" units="1/min">0.0</phagocytosis_rate>
                <phagocytosis_rate name="other" units="1/min">0.0</phagocytosis_rate>
                <phagocytosis_rate name="another" units="1/min">0.0</phagocytosis_rate>
                <phagocytosis_rate name="yet_another" units="1/min">0.0</phagocytosis_rate>
                <phagocytosis_rate name="yet_yet_another" units="1/min">0.0</phagocytosis_rate>
                <phagocytosis_rate name="last_one" units="1/min">0.0</phagocytosis_rate>
                </live_phagocytosis_rates>

            <attack_rates>
                  <attack_rate name="default" units="1/min">0.0</attack_rate>
                  <attack_rate name="other" units="1/min">0.0</attack_rate>
                  <attack_rate name="another" units="1/min">0.0</attack_rate>
                  <attack_rate name="yet_another" units="1/min">0.0</attack_rate>
                  <attack_rate name="yet_yet_another" units="1/min">0.0</attack_rate>
                  <attack_rate name="last_one" units="1/min">0.0</attack_rate>
                  </attack_rates>

            <damage_rate units="1/min">1.0</damage_rate>
            <fusion_rates>
                  <fusion_rate name="default" units="1/min">0.0</fusion_rate>
                  <fusion_rate name="other" units="1/min">0.0</fusion_rate>
                  <fusion_rate name="another" units="1/min">0.0</fusion_rate>
                  <fusion_rate name="yet_another" units="1/min">0.0</fusion_rate>
                  <fusion_rate name="yet_yet_another" units="1/min">0.0</fusion_rate>
                  <fusion_rate name="last_one" units="1/min">0.0</fusion_rate>
                  </fusion_rates>

          </cell_interactions>

          <cell_transformations>
            <transformation_rates>
                <transformation_rate name="default" units="1/min">0.0</transformation_rate>
                <transformation_rate name="other" units="1/min">0.0</transformation_rate>
                <transformation_rate name="another" units="1/min">0.0</transformation_rate>
                <transformation_rate name="yet_another" units="1/min">0.0</transformation_rate>
                <transformation_rate name="yet_yet_another" units="1/min">0.0</transformation_rate>
                <transformation_rate name="last_one" units="1/min">0.0</transformation_rate>
                </transformation_rates>
            </cell_transformations>

          <intracellular type="maboss">
            <bnd_filename>model_0.bnd</bnd_filename>
            <cfg_filename>model.cfg</cfg_filename>
            <initial_values>
              <initial_value intracellular_name="A">1</initial_value>
              <initial_value intracellular_name="C">0</initial_value>
            </initial_values>
            <settings>
              <intracellular_dt>1</intracellular_dt>
              <time_stochasticity>0.0</time_stochasticity>
              <scaling>1.0</scaling>
              <parameters>
                <parameter intracellular_name="$time_scale">0.2</parameter>
            </parameters>
              </settings>
            <mapping>
              <input intracellular_name="A" physicell_name="oxygen">
                <settings>
                  <action>inhibition</action>
                  <threshold>10</threshold>
                  <smoothing>0</smoothing>
              </settings>
                </input>
              <output intracellular_name="C" physicell_name="apoptosis">
                <settings>
                  <action>activation</action>
                  <value>5</value>
                  <base_value>0</base_value>
                  <smoothing>5</smoothing>
              </settings>
              </output>
            </mapping>
            </intracellular>

          </phenotype>
        <custom_data>
          <somedata conserved="false" description="" units="dimensionless">1.0</somedata>
        </custom_data>
      </cell_definition>

      <cell_definition ID="4" name="yet_yet_another">
        <phenotype>
          <cycle code="2" name="flow cytometry">
            <phase_transition_rates units="1/min">
              <rate end_index="1" fixed_duration="false" start_index="0">0.0</rate>
              <rate end_index="2" fixed_duration="false" start_index="1">0.0</rate>
              <rate end_index="0" fixed_duration="false" start_index="2">0.0</rate>
            </phase_transition_rates>
            </cycle>

          <death>
            <model code="100" name="apoptosis">
              <death_rate units="1/min">0</death_rate>
              <phase_durations units="min">
                <duration fixed_duration="true" index="0">516</duration>
              </phase_durations>
              <parameters>
                <unlysed_fluid_change_rate units="1/min">0.05</unlysed_fluid_change_rate>
                <lysed_fluid_change_rate units="1/min">0</lysed_fluid_change_rate>
                <cytoplasmic_biomass_change_rate units="1/min">1.66667e-02</cytoplasmic_biomass_change_rate>
                <nuclear_biomass_change_rate units="1/min">5.83333e-03</nuclear_biomass_change_rate>
                <calcification_rate units="1/min">0</calcification_rate>
                <relative_rupture_volume units="dimensionless">2.0</relative_rupture_volume>
              </parameters>
            </model>
            <model code="101" name="necrosis">
              <death_rate units="1/min">0.0</death_rate>
              <phase_durations units="min">
                <duration fixed_duration="true" index="0">0</duration>
              <duration fixed_duration="true" index="1">86400</duration>
              </phase_durations>
              <parameters>
                <unlysed_fluid_change_rate units="1/min">0.05</unlysed_fluid_change_rate>
                <lysed_fluid_change_rate units="1/min">0</lysed_fluid_change_rate>
                <cytoplasmic_biomass_change_rate units="1/min">1.66667e-02</cytoplasmic_biomass_change_rate>
                <nuclear_biomass_change_rate units="1/min">5.83333e-03</nuclear_biomass_change_rate>
                <calcification_rate units="1/min">0</calcification_rate>
                <relative_rupture_volume units="dimensionless">2.0</relative_rupture_volume>
              </parameters>
            </model>
          </death>

          <volume>
            <total units="micron^3">1000</total>
            <fluid_fraction units="dimensionless">0.75</fluid_fraction>
            <nuclear units="micron^3">540</nuclear>
            <fluid_change_rate units="1/min">0.0</fluid_change_rate>
            <cytoplasmic_biomass_change_rate units="1/min">0.0</cytoplasmic_biomass_change_rate>
            <nuclear_biomass_change_rate units="1/min">0.0</nuclear_biomass_change_rate>
            <calcified_fraction units="dimensionless">0</calcified_fraction>
            <calcification_rate units="1/min">0</calcification_rate>
            <relative_rupture_volume units="dimensionless">2.0</relative_rupture_volume>
          </volume>

          <mechanics>
            <cell_cell_adhesion_strength units="micron/min">0</cell_cell_adhesion_strength>
            <cell_cell_repulsion_strength units="micron/min">10.0</cell_cell_repulsion_strength>
            <relative_maximum_adhesion_distance units="dimensionless">1.25</relative_maximum_adhesion_distance>
            <cell_adhesion_affinities>
                <cell_adhesion_affinity name="default">1.0</cell_adhesion_affinity>
                <cell_adhesion_affinity name="other">1.0</cell_adhesion_affinity>
                <cell_adhesion_affinity name="another">1.0</cell_adhesion_affinity>
                <cell_adhesion_affinity name="yet_another">1.0</cell_adhesion_affinity>
                <cell_adhesion_affinity name="yet_yet_another">1.0</cell_adhesion_affinity>
                <cell_adhesion_affinity name="last_one">1.0</cell_adhesion_affinity>
                </cell_adhesion_affinities>
            <options>
              <set_relative_equilibrium_distance enabled="false" units="dimensionless">1.8</set_relative_equilibrium_distance>
              <set_absolute_equilibrium_distance enabled="false" units="micron">15.12</set_absolute_equilibrium_distance>
            </options>
            <cell_BM_adhesion_strength units="micron/min">4.0</cell_BM_adhesion_strength>
            <cell_BM_repulsion_strength units="micron/min">10.0</cell_BM_repulsion_strength>
            <attachment_elastic_constant units="1/min">0.01</attachment_elastic_constant>
            <attachment_rate units="1/min">10.0</attachment_rate>
            <detachment_rate units="1/min">0.0</detachment_rate>
          </mechanics>

          <motility>
            <speed units="micron/min">0.25</speed>
            <persistence_time units="min">5</persistence_time>
            <migration_bias units="dimensionless">0.5</migration_bias>
            <options>
              <enabled>false</enabled>
              <use_2D>false</use_2D>
              <chemotaxis>
                <enabled>false</enabled>
                <substrate>oxygen</substrate>
                <direction>1</direction>
              </chemotaxis>
              <advanced_chemotaxis>
                <enabled>false</enabled>
                <normalize_each_gradient>false</normalize_each_gradient>
                <chemotactic_sensitivities>
                  <chemotactic_sensitivity substrate="oxygen">0.0</chemotactic_sensitivity>
                  </chemotactic_sensitivities>
                </advanced_chemotaxis>
            </options>
          </motility>

          <secretion>
            <substrate name="oxygen">
              <secretion_rate units="1/min">0</secretion_rate>
              <secretion_target units="substrate density">38</secretion_target>
              <uptake_rate units="1/min">10</uptake_rate>
              <net_export_rate units="total substrate/min">0</net_export_rate>
            </substrate>
            </secretion>

          <cell_interactions>
            <dead_phagocytosis_rate units="1/min">0.0</dead_phagocytosis_rate>
            <live_phagocytosis_rates>
                <phagocytosis_rate name="default" units="1/min">0.0</phagocytosis_rate>
                <phagocytosis_rate name="other" units="1/min">0.0</phagocytosis_rate>
                <phagocytosis_rate name="another" units="1/min">0.0</phagocytosis_rate>
                <phagocytosis_rate name="yet_another" units="1/min">0.0</phagocytosis_rate>
                <phagocytosis_rate name="yet_yet_another" units="1/min">0.0</phagocytosis_rate>
                <phagocytosis_rate name="last_one" units="1/min">0.0</phagocytosis_rate>
                </live_phagocytosis_rates>

            <attack_rates>
                  <attack_rate name="default" units="1/min">0.0</attack_rate>
                  <attack_rate name="other" units="1/min">0.0</attack_rate>
                  <attack_rate name="another" units="1/min">0.0</attack_rate>
                  <attack_rate name="yet_another" units="1/min">0.0</attack_rate>
                  <attack_rate name="yet_yet_another" units="1/min">0.0</attack_rate>
                  <attack_rate name="last_one" units="1/min">0.0</attack_rate>
                  </attack_rates>

            <damage_rate units="1/min">1.0</damage_rate>
            <fusion_rates>
                  <fusion_rate name="default" units="1/min">0.0</fusion_rate>
                  <fusion_rate name="other" units="1/min">0.0</fusion_rate>
                  <fusion_rate name="another" units="1/min">0.0</fusion_rate>
                  <fusion_rate name="yet_another" units="1/min">0.0</fusion_rate>
                  <fusion_rate name="yet_yet_another" units="1/min">0.0</fusion_rate>
                  <fusion_rate name="last_one" units="1/min">0.0</fusion_rate>
                  </fusion_rates>

          </cell_interactions>

          <cell_transformations>
            <transformation_rates>
                <transformation_rate name="default" units="1/min">0.0</transformation_rate>
                <transformation_rate name="other" units="1/min">0.0</transformation_rate>
                <transformation_rate name="another" units="1/min">0.0</transformation_rate>
                <transformation_rate name="yet_another" units="1/min">0.0</transformation_rate>
                <transformation_rate name="yet_yet_another" units="1/min">0.0</transformation_rate>
                <transformation_rate name="last_one" units="1/min">0.0</transformation_rate>
                </transformation_rates>
            </cell_transformations>

          <intracellular type="maboss">
            <bnd_filename>model_0.bnd</bnd_filename>
            <cfg_filename>model.cfg</cfg_filename>
            <initial_values>
              <initial_value intracellular_name="A">1</initial_value>
              <initial_value intracellular_name="C">0</initial_value>
            </initial_values>
            <settings>
              <intracellular_dt>1</intracellular_dt>
              <time_stochasticity>0.0</time_stochasticity>
              <scaling>0.25</scaling>
            </settings>
            <mapping>
              <input intracellular_name="A" physicell_name="oxygen">
                <settings>
                  <action>inhibition</action>
                  <threshold>10</threshold>
                  <smoothing>0</smoothing>
              </settings>
                </input>
              <output intracellular_name="C" physicell_name="apoptosis">
                <settings>
                  <action>activation</action>
                  <value>5</value>
                  <base_value>0</base_value>
                  <smoothing>5</smoothing>
              </settings>
              </output>
            </mapping>
            </intracellular>

          </phenotype>
        <custom_data>
          <somedata conserved="false" description="" units="dimensionless">1.0</somedata>
        </custom_data>
      </cell_definition>

      <cell_definition ID="5" name="last_one">
        <phenotype>
          <cycle code="2" name="flow cytometry">
            <phase_transition_rates units="1/min">
              <rate end_index="1" fixed_duration="false" start_index="0">0.0</rate>
              <rate end_index="2" fixed_duration="false" start_index="1">0.0</rate>
              <rate end_index="0" fixed_duration="false" start_index="2">0.0</rate>
            </phase_transition_rates>
            </cycle>

          <death>
            <model code="100" name="apoptosis">
              <death_rate units="1/min">0</death_rate>
              <phase_durations units="min">
                <duration fixed_duration="true" index="0">516</duration>
              </phase_durations>
              <parameters>
                <unlysed_fluid_change_rate units="1/min">0.05</unlysed_fluid_change_rate>
                <lysed_fluid_change_rate units="1/min">0</lysed_fluid_change_rate>
                <cytoplasmic_biomass_change_rate units="1/min">1.66667e-02</cytoplasmic_biomass_change_rate>
                <nuclear_biomass_change_rate units="1/min">5.83333e-03</nuclear_biomass_change_rate>
                <calcification_rate units="1/min">0</calcification_rate>
                <relative_rupture_volume units="dimensionless">2.0</relative_rupture_volume>
              </parameters>
            </model>
            <model code="101" name="necrosis">
              <death_rate units="1/min">0.0</death_rate>
              <phase_durations units="min">
                <duration fixed_duration="true" index="0">0</duration>
              <duration fixed_duration="true" index="1">86400</duration>
              </phase_durations>
              <parameters>
                <unlysed_fluid_change_rate units="1/min">0.05</unlysed_fluid_change_rate>
                <lysed_fluid_change_rate units="1/min">0</lysed_fluid_change_rate>
                <cytoplasmic_biomass_change_rate units="1/min">1.66667e-02</cytoplasmic_biomass_change_rate>
                <nuclear_biomass_change_rate units="1/min">5.83333e-03</nuclear_biomass_change_rate>
                <calcification_rate units="1/min">0</calcification_rate>
                <relative_rupture_volume units="dimensionless">2.0</relative_rupture_volume>
              </parameters>
            </model>
          </death>

          <volume>
            <total units="micron^3">1000</total>
            <fluid_fraction units="dimensionless">0.75</fluid_fraction>
            <nuclear units="micron^3">540</nuclear>
            <fluid_change_rate units="1/min">0.0</fluid_change_rate>
            <cytoplasmic_biomass_change_rate units="1/min">0.0</cytoplasmic_biomass_change_rate>
            <nuclear_biomass_change_rate units="1/min">0.0</nuclear_biomass_change_rate>
            <calcified_fraction units="dimensionless">0</calcified_fraction>
            <calcification_rate units="1/min">0</calcification_rate>
            <relative_rupture_volume units="dimensionless">2.0</relative_rupture_volume>
          </volume>

          <mechanics>
            <cell_cell_adhesion_strength units="micron/min">0</cell_cell_adhesion_strength>
            <cell_cell_repulsion_strength units="micron/min">10.0</cell_cell_repulsion_strength>
            <relative_maximum_adhesion_distance units="dimensionless">1.25</relative_maximum_adhesion_distance>
            <cell_adhesion_affinities>
                <cell_adhesion_affinity name="default">1.0</cell_adhesion_affinity>
                <cell_adhesion_affinity name="other">1.0</cell_adhesion_affinity>
                <cell_adhesion_affinity name="another">1.0</cell_adhesion_affinity>
                <cell_adhesion_affinity name="yet_another">1.0</cell_adhesion_affinity>
                <cell_adhesion_affinity name="yet_yet_another">1.0</cell_adhesion_affinity>
                <cell_adhesion_affinity name="last_one">1.0</cell_adhesion_affinity>
                </cell_adhesion_affinities>
            <options>
              <set_relative_equilibrium_distance enabled="false" units="dimensionless">1.8</set_relative_equilibrium_distance>
              <set_absolute_equilibrium_distance enabled="false" units="micron">15.12</set_absolute_equilibrium_distance>
            </options>
            <cell_BM_adhesion_strength units="micron/min">4.0</cell_BM_adhesion_strength>
            <cell_BM_repulsion_strength units="micron/min">10.0</cell_BM_repulsion_strength>
            <attachment_elastic_constant units="1/min">0.01</attachment_elastic_constant>
            <attachment_rate units="1/min">10.0</attachment_rate>
            <detachment_rate units="1/min">0.0</detachment_rate>
          </mechanics>

          <motility>
            <speed units="micron/min">0.25</speed>
            <persistence_time units="min">5</persistence_time>
            <migration_bias units="dimensionless">0.5</migration_bias>
            <options>
              <enabled>false</enabled>
              <use_2D>false</use_2D>
              <chemotaxis>
                <enabled>false</enabled>
                <substrate>oxygen</substrate>
                <direction>1</direction>
              </chemotaxis>
              <advanced_chemotaxis>
                <enabled>false</enabled>
                <normalize_each_gradient>false</normalize_each_gradient>
                <chemotactic_sensitivities>
                  <chemotactic_sensitivity substrate="oxygen">0.0</chemotactic_sensitivity>
                  </chemotactic_sensitivities>
                </advanced_chemotaxis>
            </options>
          </motility>

          <secretion>
            <substrate name="oxygen">
              <secretion_rate units="1/min">0</secretion_rate>
              <secretion_target units="substrate density">38</secretion_target>
              <uptake_rate units="1/min">10</uptake_rate>
              <net_export_rate units="total substrate/min">0</net_export_rate>
            </substrate>
            </secretion>

          <cell_interactions>
            <dead_phagocytosis_rate units="1/min">0.0</dead_phagocytosis_rate>
            <live_phagocytosis_rates>
                <phagocytosis_rate name="default" units="1/min">0.0</phagocytosis_rate>
                <phagocytosis_rate name="other" units="1/min">0.0</phagocytosis_rate>
                <phagocytosis_rate name="another" units="1/min">0.0</phagocytosis_rate>
                <phagocytosis_rate name="yet_another" units="1/min">0.0</phagocytosis_rate>
                <phagocytosis_rate name="yet_yet_another" units="1/min">0.0</phagocytosis_rate>
                <phagocytosis_rate name="last_one" units="1/min">0.0</phagocytosis_rate>
                </live_phagocytosis_rates>

            <attack_rates>
                  <attack_rate name="default" units="1/min">0.0</attack_rate>
                  <attack_rate name="other" units="1/min">0.0</attack_rate>
                  <attack_rate name="another" units="1/min">0.0</attack_rate>
                  <attack_rate name="yet_another" units="1/min">0.0</attack_rate>
                  <attack_rate name="yet_yet_another" units="1/min">0.0</attack_rate>
                  <attack_rate name="last_one" units="1/min">0.0</attack_rate>
                  </attack_rates>

            <damage_rate units="1/min">1.0</damage_rate>
            <fusion_rates>
                  <fusion_rate name="default" units="1/min">0.0</fusion_rate>
                  <fusion_rate name="other" units="1/min">0.0</fusion_rate>
                  <fusion_rate name="another" units="1/min">0.0</fusion_rate>
                  <fusion_rate name="yet_another" units="1/min">0.0</fusion_rate>
                  <fusion_rate name="yet_yet_another" units="1/min">0.0</fusion_rate>
                  <fusion_rate name="last_one" units="1/min">0.0</fusion_rate>
                  </fusion_rates>

          </cell_interactions>

          <cell_transformations>
            <transformation_rates>
                <transformation_rate name="default" units="1/min">0.0</transformation_rate>
                <transformation_rate name="other" units="1/min">0.0</transformation_rate>
                <transformation_rate name="another" units="1/min">0.0</transformation_rate>
                <transformation_rate name="yet_another" units="1/min">0.0</transformation_rate>
                <transformation_rate name="yet_yet_another" units="1/min">0.0</transformation_rate>
                <transformation_rate name="last_one" units="1/min">0.0</transformation_rate>
                </transformation_rates>
            </cell_transformations>

          <intracellular type="maboss">
            <bnd_filename>model_0.bnd</bnd_filename>
            <cfg_filename>model.cfg</cfg_filename>
            <initial_values>
              <initial_value intracellular_name="A">1</initial_value>
              <initial_value intracellular_name="C">0</initial_value>
            </initial_values>
            <settings>
              <intracellular_dt>1</intracellular_dt>
              <time_stochasticity>0.0</time_stochasticity>
              <scaling>1.0</scaling>
              <parameters>
                <parameter intracellular_name="$time_scale">0</parameter>
            </parameters>
              </settings>
            <mapping>
              <input intracellular_name="A" physicell_name="oxygen">
                <settings>
                  <action>inhibition</action>
                  <threshold>10</threshold>
                  <smoothing>0</smoothing>
              </settings>
                </input>
              <output intracellular_name="C" physicell_name="apoptosis">
                <settings>
                  <action>activation</action>
                  <value>5</value>
                  <base_value>0</base_value>
                  <smoothing>5</smoothing>
              </settings>
              </output>
            </mapping>
            </intracellular>

          </phenotype>
        <custom_data>
          <somedata conserved="false" description="" units="dimensionless">1.0</somedata>
        </custom_data>
      </cell_definition>

      </cell_definitions>	
	
	<initial_conditions>
		<cell_positions enabled="false" type="csv">
			<folder />
			<filename>cells.csv</filename>
		</cell_positions>
	</initial_conditions>
	
	<user_parameters>
		<random_seed description="" type="int" units="dimensionless">0</random_seed>
        <node_to_visualize description="" type="string" units="">C</node_to_visualize>
    </user_parameters>
	
	
</PhysiCell_settings>